time,grounded,kind,air,candidate,distance,vertical,speed,action,roll
20.745,True,None,0.000,False,56.105,0.000,0.000,Locomotion,False
20.756,True,None,0.000,False,56.105,0.000,0.000,Locomotion,False
20.765,True,None,0.000,False,56.105,0.000,0.000,Locomotion,False
20.774,True,None,0.000,False,56.105,0.000,0.000,Locomotion,False
20.783,True,None,0.000,False,56.105,0.000,0.795,Locomotion,False
20.794,True,None,0.000,False,56.105,0.000,0.795,Locomotion,False
20.803,True,None,0.000,False,56.105,0.000,1.275,Locomotion,False
20.813,True,None,0.000,False,56.105,0.000,1.275,Locomotion,False
20.822,True,None,0.000,False,56.105,0.001,1.276,Locomotion,False
20.832,True,None,0.000,False,56.105,0.001,1.276,Locomotion,False
20.841,True,None,0.000,False,56.105,0.001,1.276,Locomotion,False
20.853,True,None,0.000,False,56.105,0.001,1.276,Locomotion,False
20.863,True,None,0.000,False,56.105,0.002,1.276,Locomotion,False
20.873,True,None,0.000,False,56.105,0.002,1.276,Locomotion,False
20.882,True,None,0.000,False,56.105,0.003,1.276,Locomotion,False
20.893,True,None,0.000,False,56.105,0.003,1.276,Locomotion,False
20.902,True,None,0.000,False,56.105,0.003,1.277,Locomotion,False
20.911,True,None,0.000,False,56.105,0.003,1.277,Locomotion,False
20.921,True,None,0.000,False,56.105,0.004,1.277,Locomotion,False
20.930,True,None,0.000,False,56.105,0.004,1.277,Locomotion,False
20.939,True,None,0.000,False,56.105,0.004,1.277,Locomotion,False
20.949,True,None,0.000,False,56.105,0.004,1.277,Locomotion,False
20.959,True,None,0.000,False,56.106,0.004,1.277,Locomotion,False
20.969,True,None,0.000,False,56.106,0.005,1.277,Locomotion,False
20.979,True,None,0.000,False,56.106,0.005,1.277,Locomotion,False
20.989,True,None,0.000,False,56.106,0.005,1.277,Locomotion,False
21.000,True,None,0.000,False,56.106,0.006,1.278,Locomotion,False
21.012,True,None,0.000,False,56.106,0.006,1.278,Locomotion,False
21.022,True,None,0.000,False,56.106,0.007,1.278,Locomotion,False
21.032,True,None,0.000,False,56.106,0.007,1.278,Locomotion,False
21.042,True,None,0.000,False,56.106,0.007,1.278,Locomotion,False
21.053,True,None,0.000,False,56.106,0.007,1.278,Locomotion,False
21.063,True,None,0.000,False,56.106,0.008,1.278,Locomotion,False
21.074,True,None,0.000,False,56.106,0.008,1.278,Locomotion,False
21.084,True,None,0.000,False,56.106,0.008,1.279,Locomotion,False
21.094,True,None,0.000,False,56.106,0.008,1.279,Locomotion,False
21.104,True,None,0.000,False,56.107,0.009,1.279,Locomotion,False
21.115,True,None,0.000,False,56.107,0.009,1.279,Locomotion,False
21.125,True,None,0.000,False,56.107,0.009,1.279,Locomotion,False
21.136,True,None,0.000,False,56.107,0.009,1.279,Locomotion,False
21.148,True,None,0.000,False,56.107,0.010,1.279,Locomotion,False
21.161,True,None,0.000,False,56.107,0.010,1.279,Locomotion,False
21.177,True,None,0.000,False,56.107,0.010,1.279,Locomotion,False
21.190,True,None,0.000,False,56.107,0.011,1.280,Locomotion,False
21.202,True,None,0.000,False,56.108,0.012,1.280,Locomotion,False
21.216,True,None,0.000,False,56.108,0.012,1.280,Locomotion,False
21.228,True,None,0.000,False,56.108,0.012,1.280,Locomotion,False
21.241,True,None,0.000,False,56.108,0.013,1.280,Locomotion,False
21.254,True,None,0.000,False,56.108,0.013,1.280,Locomotion,False
21.266,True,None,0.000,False,56.108,0.013,1.281,Locomotion,False
21.278,True,None,0.000,False,56.109,0.013,1.281,Locomotion,False
21.290,True,None,0.000,False,56.109,0.014,1.281,Locomotion,False
21.305,True,None,0.000,False,56.109,0.014,1.281,Locomotion,False
21.319,True,None,0.000,False,56.109,0.014,1.281,Locomotion,False
21.333,True,None,0.000,False,56.109,0.015,1.281,Locomotion,False
21.353,True,None,0.000,False,56.110,0.016,1.281,Locomotion,False
21.370,True,None,0.000,False,56.110,0.016,1.282,Locomotion,False
21.385,True,None,0.000,False,56.110,0.017,1.282,Locomotion,False
21.401,True,None,0.000,False,56.110,0.017,1.282,Locomotion,False
21.417,True,None,0.000,False,56.111,0.017,1.282,Locomotion,False
21.428,True,None,0.000,False,56.111,0.018,1.282,Locomotion,False
21.446,True,None,0.000,False,56.111,0.018,1.283,Locomotion,False
21.457,True,None,0.000,False,56.111,0.018,1.283,Locomotion,False
21.467,True,None,0.000,False,56.112,0.019,1.283,Locomotion,False
21.479,True,None,0.000,False,56.112,0.019,1.283,Locomotion,False
21.490,True,None,0.000,False,56.112,0.020,1.283,Locomotion,False
21.501,True,None,0.000,False,56.112,0.020,1.283,Locomotion,False
21.513,True,None,0.000,False,56.113,0.020,1.283,Locomotion,False
21.523,True,None,0.000,False,56.113,0.021,1.283,Locomotion,False
21.534,True,None,0.000,False,56.113,0.021,1.283,Locomotion,False
21.545,True,None,0.000,False,56.113,0.021,1.284,Locomotion,False
21.555,True,None,0.000,False,56.113,0.021,1.284,Locomotion,False
21.566,True,None,0.000,False,56.114,0.022,1.284,Locomotion,False
21.578,True,None,0.000,False,56.114,0.022,1.284,Locomotion,False
21.591,True,None,0.000,False,56.114,0.015,1.286,Locomotion,False
21.603,True,None,0.000,False,56.114,-0.061,1.291,Locomotion,False
21.615,True,None,0.000,False,56.113,-0.061,1.291,Locomotion,False
21.626,True,None,0.000,False,56.112,-0.117,1.256,Locomotion,False
21.638,True,None,0.000,False,56.111,-0.117,1.256,Locomotion,False
21.650,True,None,0.000,False,56.109,-0.165,1.227,Locomotion,False
21.662,True,None,0.000,False,56.107,-0.210,1.201,Locomotion,False
21.674,True,None,0.000,False,56.105,-0.210,1.201,Locomotion,False
21.684,True,None,0.000,False,56.102,-0.253,1.176,Locomotion,False
21.696,True,None,0.000,False,56.099,-0.253,1.176,Locomotion,False
21.706,True,None,0.000,False,56.096,-0.295,1.152,Locomotion,False
21.717,True,None,0.000,False,56.093,-0.295,1.152,Locomotion,False
21.728,False,StepDown,0.010,True,0.491,-0.335,1.128,Locomotion,False
21.802,False,StepDown,0.085,True,0.455,-0.649,1.318,Locomotion,False
21.816,False,StepDown,0.099,True,0.446,-0.649,1.318,Locomotion,False
21.830,False,StepDown,0.112,True,0.458,-0.801,1.434,Fall,False
21.842,False,StepDown,0.124,True,0.426,-0.610,0.936,Fall,False
21.855,False,StepDown,0.137,True,0.418,-0.610,0.936,Fall,False
21.865,False,StepDown,0.148,True,0.433,-0.844,1.246,Fall,False
21.877,False,StepDown,0.160,True,0.423,-0.844,1.246,Fall,False
21.889,False,StepDown,0.172,True,0.411,-1.091,1.443,Fall,False
21.905,False,StepDown,0.187,True,0.395,-0.768,0.862,Fall,False
21.916,False,StepDown,0.199,True,0.386,-0.768,0.862,Fall,False
21.928,False,StepDown,0.210,True,0.375,-1.042,1.170,Fall,False
21.941,False,StepDown,0.223,True,0.362,-1.317,1.440,Fall,False
21.953,False,StepDown,0.236,True,0.750,-1.317,1.440,Fall,False
21.965,True,None,0.000,True,0.729,-2.313,1.851,SoftLanding,False
