phase,frame,captured,shedEvents,newDust,oldDust,chips,livingHoldWeight,focusX,focusY,focusZ
gather,0,7,3,74,55,30,0,1.042674,56.75124,2.073568
gather,1,7,3,74,55,30,0,1.042674,56.75124,2.073568
gather,2,7,3,75,55,30,0,1.04231,56.75449,2.074443
gather,3,7,3,81,55,30,0,1.041756,56.7593,2.075726
gather,4,7,3,87,55,30,0,1.041018,56.76564,2.07741
gather,5,7,6,143,88,44,0,1.040108,56.77353,2.079498
gather,6,7,6,145,88,44,0,1.038982,56.78337,2.082092
gather,7,7,6,183,112,49,0,1.03771,56.79455,2.085028
gather,8,7,6,219,136,55,0,1.036291,56.80712,2.088306
gather,9,7,6,227,135,56,0,1.034671,56.82145,2.092012
gather,10,7,9,262,156,72,0,1.032947,56.83698,2.096003
gather,11,7,9,267,159,75,0,1.031093,56.8537,2.100261
gather,12,7,9,271,153,75,0,1.0291,56.87183,2.104831
gather,13,7,9,282,151,79,0,1.026998,56.89118,2.109664
gather,14,7,12,308,159,89,0,1.024815,56.91155,2.114701
gather,15,7,12,377,189,97,0,1.022513,56.93317,2.119979
gather,16,7,12,463,236,113,0,1.020145,56.95584,2.125452
gather,17,7,12,471,231,115,0,1.017706,56.97936,2.131053
gather,18,7,12,503,245,128,0,1.01521,57.00375,2.136782
gather,19,7,15,541,262,128,0,1.012659,57.029,2.14263
gather,20,7,15,541,249,128,0,1.010086,57.05494,2.148553
gather,21,7,15,549,242,128,0,1.007457,57.08177,2.154581
gather,22,7,15,556,226,128,0,1.004818,57.10928,2.160671
gather,23,7,15,580,223,128,0,1.00216,57.13729,2.166761
gather,24,7,18,597,225,128,0.05443398,0.9995031,57.16579,2.172855
gather,25,7,18,629,226,128,0.09966591,0.9968488,57.19481,2.178948
gather,26,7,18,643,248,128,0.1372514,0.9942105,57.22411,2.184988
gather,27,7,18,648,239,128,0.1684831,0.9916003,57.25372,2.190981
gather,28,7,18,649,232,128,0.1944351,0.9890206,57.28362,2.196921
gather,29,7,21,664,225,128,0.2159999,0.9864492,57.31383,2.202796
gather,30,7,21,666,204,128,0.2339192,0.9839246,57.34415,2.208575
gather,31,7,21,671,191,128,0.2488092,0.9814724,57.37434,2.214218
gather,32,7,21,660,175,128,0.2611821,0.9790515,57.40463,2.219755
gather,33,7,21,661,161,128,0.2714633,0.9766831,57.43481,2.225152
gather,34,7,24,670,152,128,0.2800065,0.9744109,57.46465,2.230383
gather,35,7,24,664,143,128,0.2871055,0.9721783,57.49438,2.235472
gather,36,7,24,641,127,127,0.2930044,0.9700132,57.52398,2.240432
gather,37,7,24,623,116,128,0.2979061,0.9679472,57.55282,2.245155
gather,38,7,27,630,118,128,0.3019792,0.965939,57.58152,2.249752
gather,39,7,27,612,103,127,0.3053637,0.9640194,57.60945,2.254122
gather,40,7,27,599,92,127,0.308176,0.9621935,57.63681,2.258312
gather,41,7,27,581,83,125,0.310513,0.9604252,57.6636,2.262314
gather,42,7,27,539,78,125,0.3124548,0.9587789,57.68938,2.266088
gather,43,7,30,536,89,128,0.3140685,0.9572069,57.71436,2.26966
gather,44,7,30,516,75,127,0.3154093,0.9557239,57.73854,2.273046
gather,45,7,30,495,73,124,0.3165235,0.9543354,57.76169,2.276218
gather,46,7,30,469,70,120,0.3174493,0.9530241,57.78381,2.279183
gather,47,7,30,458,68,118,0.3182186,0.9518282,57.80467,2.28193
gather,48,7,33,464,76,126,0.3188578,0.9507032,57.82428,2.284451
gather,49,7,33,451,64,121,0.319389,0.9496905,57.84262,2.286776
gather,50,7,33,441,60,120,0.3198304,0.9487706,57.85947,2.288872
gather,51,7,33,420,54,120,0.3201972,0.9479324,57.87504,2.290777
gather,52,7,33,413,53,116,0.3205019,0.9471952,57.8889,2.292445
gather,53,7,36,425,64,122,0.3207552,0.9465501,57.90126,2.293914
gather,54,7,36,418,55,113,0.3209656,0.9459997,57.91188,2.295162
gather,55,7,36,414,52,109,0.3211405,0.9455404,57.92078,2.296195
gather,56,7,36,392,51,107,0.3212858,0.9451761,57.92795,2.29702
gather,57,7,36,386,49,104,0.3214065,0.9449256,57.93295,2.297593
gather,58,7,39,404,52,110,0.3215068,0.9449256,57.93295,2.297593
gather,59,7,39,390,49,99,0.3215902,0.9449256,57.93295,2.297593
hold,0,7,39,366,49,96,0.3216595,0.9449256,57.93295,2.297593
hold,1,7,39,346,48,94,0.3217171,0.9449256,57.93295,2.297593
hold,2,7,42,337,60,101,0.3217649,0.9449256,57.93295,2.297593
hold,3,7,42,315,49,94,0.3218046,0.9449256,57.93295,2.297593
hold,4,7,42,312,48,91,0.3218377,0.9449256,57.93295,2.297593
hold,5,7,42,307,48,85,0.3218651,0.9449256,57.93295,2.297593
hold,6,7,42,301,48,82,0.3218879,0.9449256,57.93295,2.297593
hold,7,7,45,312,60,88,0.3219069,0.9449256,57.93295,2.297593
hold,8,7,45,310,48,87,0.3219226,0.9449256,57.93295,2.297593
hold,9,7,45,304,48,84,0.3219357,0.9449256,57.93295,2.297593
hold,10,7,45,267,48,84,0.3219466,0.9449256,57.93295,2.297593
hold,11,7,45,244,48,83,0.3219556,0.9449256,57.93295,2.297593
hold,12,7,48,256,60,90,0.3219631,0.9449256,57.93295,2.297593
hold,13,7,48,254,50,88,0.3219693,0.9449256,57.93295,2.297593
hold,14,7,48,254,50,86,0.3219745,0.9449256,57.93295,2.297593
hold,15,7,48,242,49,82,0.3219788,0.9449256,57.93295,2.297593
hold,16,7,48,241,48,78,0.3219824,0.9449256,57.93295,2.297593
hold,17,7,51,255,60,83,0.3219854,0.9449256,57.93295,2.297593
hold,18,7,51,234,50,80,0.3219879,0.9449256,57.93295,2.297593
hold,19,7,51,240,49,78,0.3219899,0.9449256,57.93295,2.297593
hold,20,7,51,220,48,77,0.3219916,0.9449256,57.93295,2.297593
hold,21,7,51,190,48,75,0.3219931,0.9449256,57.93295,2.297593
hold,22,7,54,208,50,83,0.3219942,0.9449256,57.93295,2.297593
hold,23,7,54,207,50,83,0.3219952,0.9449256,57.93295,2.297593
hold,24,7,54,202,49,82,0.321996,0.9449256,57.93295,2.297593
hold,25,7,54,193,48,79,0.3219967,0.9449256,57.93295,2.297593
hold,26,7,57,203,60,87,0.3219973,0.9449256,57.93295,2.297593
hold,27,7,57,201,52,86,0.3219977,0.9449256,57.93295,2.297593
hold,28,7,57,202,51,85,0.3219981,0.9449256,57.93295,2.297593
hold,29,7,57,205,51,83,0.3219984,0.9449256,57.93295,2.297593
hold,30,7,57,191,48,82,0.3219987,0.9449256,57.93295,2.297593
hold,31,7,60,209,60,91,0.3219989,0.9449256,57.93295,2.297593
hold,32,7,60,212,51,88,0.3219991,0.9449256,57.93295,2.297593
hold,33,7,60,205,50,88,0.3219993,0.9449256,57.93295,2.297593
hold,34,7,60,196,49,87,0.3219994,0.9449256,57.93295,2.297593
hold,35,7,60,192,48,87,0.3219995,0.9449256,57.93295,2.297593
hold,36,7,63,205,60,96,0.3219996,0.9449256,57.93295,2.297593
hold,37,7,63,201,52,88,0.3219996,0.9449256,57.93295,2.297593
hold,38,7,63,208,51,88,0.3219997,0.9449256,57.93295,2.297593
hold,39,7,63,193,49,87,0.3219998,0.9449256,57.93295,2.297593
hold,40,7,63,195,48,85,0.3219998,0.9449256,57.93295,2.297593
hold,41,7,66,207,60,93,0.3219998,0.9449256,57.93295,2.297593
hold,42,7,66,210,50,84,0.3219998,0.9449256,57.93295,2.297593
hold,43,7,66,211,49,84,0.3219999,0.9449256,57.93295,2.297593
hold,44,7,66,197,49,84,0.3219999,0.9449256,57.93295,2.297593
hold,45,7,66,185,48,83,0.3219999,0.9449256,57.93295,2.297593
hold,46,7,69,202,52,91,0.3219999,0.9449256,57.93295,2.297593
hold,47,7,69,205,50,86,0.3219999,0.9449256,57.93295,2.297593
hold,48,7,69,194,49,85,0.3219999,0.9449256,57.93295,2.297593
hold,49,7,69,187,48,85,0.3219999,0.9449256,57.93295,2.297593
hold,50,7,72,206,60,94,0.3219999,0.9449256,57.93295,2.297593
hold,51,7,72,204,49,88,0.3219999,0.9449256,57.93295,2.297593
hold,52,7,72,205,49,87,0.3219999,0.9449256,57.93295,2.297593
hold,53,7,72,203,48,86,0.3219999,0.9449256,57.93295,2.297593
hold,54,7,72,187,48,85,0.3219999,0.9449256,57.93295,2.297593
hold,55,7,75,207,60,94,0.3219999,0.9449256,57.93295,2.297593
hold,56,7,75,207,54,85,0.3219999,0.9449256,57.93295,2.297593
hold,57,7,75,207,51,85,0.3219999,0.9449256,57.93295,2.297593
hold,58,7,75,188,49,84,0.3219999,0.9449256,57.93295,2.297593
hold,59,7,75,185,48,83,0.3219999,0.9449256,57.93295,2.297593
move,0,7,78,202,60,91,0.3219999,0.9449256,57.93295,2.297593
move,1,7,78,204,50,84,0.3219999,0.9721467,57.92802,2.308528
move,2,7,78,205,49,84,0.3219999,1.000058,57.91878,2.319032
move,3,7,78,187,49,84,0.3219999,1.028336,57.90932,2.329518
move,4,7,78,193,48,82,0.3219999,1.056829,57.9001,2.339982
move,5,7,81,209,60,91,0.3219999,1.085445,57.89069,2.350322
move,6,7,81,211,51,87,0.3219999,1.114036,57.8813,2.36051
move,7,7,81,212,49,86,0.3219999,1.142465,57.87192,2.370491
move,8,7,81,204,48,85,0.3219999,1.170541,57.8628,2.380227
move,9,7,81,196,48,84,0.3219999,1.198128,57.8539,2.389669
move,10,7,84,208,49,93,0.3219999,1.225057,57.84525,2.39876
move,11,7,84,207,48,86,0.3219999,1.251157,57.83682,2.407447
move,12,7,84,201,48,85,0.3219999,1.276259,57.82885,2.415709
move,13,7,84,191,48,85,0.3219999,1.300172,57.82133,2.423489
move,14,7,87,212,60,93,0.3219999,1.322755,57.81403,2.430718
move,15,7,87,209,51,86,0.3219999,1.343821,57.8074,2.437408
move,16,7,87,212,49,85,0.3219999,1.363218,57.8012,2.443488
move,17,7,87,212,48,83,0.3219999,1.380776,57.79565,2.448945
move,18,7,87,198,48,82,0.3219999,1.396384,57.79076,2.453758
move,19,7,90,209,60,91,0.3219999,1.409881,57.7865,2.457883
move,20,7,90,204,49,86,0.3219999,1.421166,57.78289,2.461301
move,21,7,90,206,49,85,0.3219999,1.43014,57.78014,2.46402
move,22,7,90,185,48,85,0.3219999,1.436733,57.77802,2.465995
move,23,7,90,189,48,84,0.3219999,1.44087,57.77675,2.46724
move,24,7,93,200,60,93,0.3219999,1.44087,57.77675,2.46724
move,25,7,93,205,52,86,0.3219999,1.44087,57.77675,2.46724
move,26,7,93,208,51,86,0.3219999,1.44087,57.77675,2.46724
move,27,7,93,192,50,86,0.3219999,1.432596,57.77929,2.464747
move,28,7,93,191,48,85,0.3219999,1.424406,57.78183,2.462274
move,29,7,96,206,60,92,0.3219999,1.413875,57.78523,2.459096
move,30,7,96,209,48,86,0.3219999,1.401107,57.78927,2.455204
move,31,7,96,209,48,86,0.3219999,1.386186,57.79395,2.450617
move,32,7,96,199,48,85,0.3219999,1.369263,57.79928,2.445371
move,33,7,96,192,48,85,0.3219999,1.350464,57.80526,2.439495
move,34,7,99,209,50,92,0.3219999,1.329941,57.81167,2.432995
move,35,7,99,213,48,87,0.3219999,1.307841,57.81876,2.425939
move,36,7,99,206,48,87,0.3219999,1.284342,57.82627,2.418345
move,37,7,99,194,48,87,0.3219999,1.259611,57.83424,2.410256
move,38,7,102,215,60,95,0.3219999,1.233827,57.84244,2.401695
move,39,7,102,216,49,87,0.3219999,1.207147,57.85109,2.392739
move,40,7,102,220,49,87,0.3219999,1.179763,57.85997,2.38342
move,41,7,102,215,48,86,0.3219999,1.151825,57.86888,2.373752
move,42,7,102,202,48,85,0.3219999,1.123507,57.87825,2.363862
move,43,7,105,214,60,92,0.3219999,1.094959,57.88741,2.353707
move,44,7,105,212,53,86,0.3219999,1.066342,57.89682,2.343415
move,45,7,105,207,50,86,0.3219999,1.037782,57.90625,2.333002
move,46,7,105,189,49,86,0.3219999,1.009416,57.91569,2.322524
move,47,7,105,191,48,85,0.3219999,0.9813742,57.92494,2.312013
move,48,7,108,210,60,93,0.3219999,0.9537687,57.9342,2.301547
move,49,7,108,211,50,86,0.3219999,0.9267051,57.94326,2.291147
move,50,7,108,209,50,86,0.3219999,0.9002755,57.95212,2.280864
move,51,7,108,196,49,85,0.3219999,0.8745852,57.96077,2.27075
move,52,7,108,194,48,85,0.3219999,0.849701,57.96899,2.260816
move,53,7,111,216,60,92,0.3219999,0.8256719,57.97723,2.251153
move,54,7,111,213,49,86,0.3219999,0.8026028,57.98503,2.24176
move,55,7,111,205,49,85,0.3219999,0.7805064,57.99261,2.232685
move,56,7,111,201,49,85,0.3219999,0.7594647,57.99976,2.223946
move,57,7,111,198,48,84,0.3219999,0.7395117,58.00647,2.215575
move,58,7,114,213,51,91,0.3219999,0.7206782,58.01297,2.207625
move,59,7,114,212,49,87,0.3219999,0.7030003,58.01901,2.200093
release,0,0,114,209,48,87,0.2122754,0.7030003,58.01901,2.200093
release,1,0,114,200,48,86,0.1399406,0.7030003,58.01901,2.200093
release,2,0,114,198,48,86,0.09225452,0.7030003,58.01901,2.200093
release,3,0,114,198,99,128,0.06081792,0.7030003,58.01901,2.200093
release,4,0,114,201,157,128,0.04009365,0.7030003,58.01901,2.200093
release,5,0,114,214,173,128,0.02643136,0.7030003,58.01901,2.200093
release,6,0,114,206,176,128,0.01742462,0.7030003,58.01901,2.200093
release,7,0,114,196,176,127,0.01148702,0.7030003,58.01901,2.200093
release,8,0,114,214,182,128,0.00757271,0.7030003,58.01901,2.200093
release,9,0,114,211,357,128,0.004992238,0.7030003,58.01901,2.200093
release,10,0,114,435,517,128,0.003291086,0.7030003,58.01901,2.200093
release,11,0,114,524,582,128,0.002169617,0.7030003,58.01901,2.200093
release,12,0,114,537,592,128,0.0014303,0.7030003,58.01901,2.200093
release,13,0,114,640,653,128,0.0009429118,0.7030003,58.01901,2.200093
release,14,0,114,757,744,128,0.0006216057,0.7030003,58.01901,2.200093
release,15,0,114,766,759,128,0.0004097877,0.7030003,58.01901,2.200093
release,16,0,114,768,768,128,0.0002701487,0.7030003,58.01901,2.200093
release,17,0,114,768,768,128,0.000178093,0.7030003,58.01901,2.200093
release,18,0,114,768,768,128,0.0001174061,0.7030003,58.01901,2.200093
release,19,0,114,768,768,128,7.739889E-05,0.7030003,58.01901,2.200093
release,20,0,114,768,768,128,5.102449E-05,0.7030003,58.01901,2.200093
release,21,0,114,768,750,128,3.363742E-05,0.7030003,58.01901,2.200093
release,22,0,114,768,768,128,2.217515E-05,0.7030003,58.01901,2.200093
release,23,0,114,768,768,128,1.461876E-05,0.7030003,58.01901,2.200093
release,24,0,114,768,728,128,9.637281E-06,0.7030003,58.01901,2.200093
release,25,0,114,768,768,128,6.353287E-06,0.7030003,58.01901,2.200093
release,26,0,114,768,768,128,4.188345E-06,0.7030003,58.01901,2.200093
release,27,0,114,768,727,128,2.761127E-06,0.7030003,58.01901,2.200093
release,28,0,114,768,768,128,1.820247E-06,0.7030003,58.01901,2.200093
release,29,0,114,768,768,128,1.199981E-06,0.7030003,58.01901,2.200093
release,30,0,114,754,726,125,7.91076E-07,0.7030003,58.01901,2.200093
release,31,0,114,742,700,128,5.215094E-07,0.7030003,58.01901,2.200093
release,32,0,114,768,768,128,3.438002E-07,0.7030003,58.01901,2.200093
release,33,0,114,768,733,128,2.26647E-07,0.7030003,58.01901,2.200093
release,34,0,114,768,768,128,1.494149E-07,0.7030003,58.01901,2.200093
release,35,0,114,768,768,128,9.850039E-08,0.7030003,58.01901,2.200093
release,36,0,114,706,753,128,6.493546E-08,0.7030003,58.01901,2.200093
release,37,0,114,695,739,128,4.280809E-08,0.7030003,58.01901,2.200093
release,38,0,114,706,736,128,2.822083E-08,0.7030003,58.01901,2.200093
release,39,0,114,699,740,128,1.860432E-08,0.7030003,58.01901,2.200093
release,40,0,114,739,752,128,1.226472E-08,0.7030003,58.01901,2.200093
release,41,0,114,744,738,128,8.085402E-09,0.7030003,58.01901,2.200093
release,42,0,114,763,702,124,5.330225E-09,0.7030003,58.01901,2.200093
release,43,0,114,768,716,128,3.513901E-09,0.7030003,58.01901,2.200093
release,44,0,114,765,693,128,2.316506E-09,0.7030003,58.01901,2.200093
release,45,0,114,760,654,126,1.527135E-09,0.7030003,58.01901,2.200093
release,46,0,114,768,650,128,1.006749E-09,0.7030003,58.01901,2.200093
release,47,0,114,768,633,128,6.6369E-10,0.7030003,58.01901,2.200093
release,48,0,114,757,595,128,4.375314E-10,0.7030003,58.01901,2.200093
release,49,0,114,750,556,128,2.884385E-10,0.7030003,58.01901,2.200093
release,50,0,114,747,521,128,1.901504E-10,0.7030003,58.01901,2.200093
release,51,0,114,741,479,126,1.253548E-10,0.7030003,58.01901,2.200093
release,52,0,114,737,435,127,8.2639E-11,0.7030003,58.01901,2.200093
release,53,0,114,734,389,126,5.447898E-11,0.7030003,58.01901,2.200093
release,54,0,114,723,338,123,3.591476E-11,0.7030003,58.01901,2.200093
release,55,0,114,711,305,123,2.367647E-11,0.7030003,58.01901,2.200093
release,56,0,114,698,265,122,1.560849E-11,0.7030003,58.01901,2.200093
release,57,0,114,691,230,121,1.028975E-11,0.7030003,58.01901,2.200093
release,58,0,114,685,195,122,6.783421E-12,0.7030003,58.01901,2.200093
release,59,0,114,667,167,122,4.471906E-12,0.7030003,58.01901,2.200093
