time,y,grounded,leftLock,rightLock,leftWeight,rightWeight,leftError,rightError,x,z,speed,commandY,progress
13.2352,56.7309,True,False,False,0.570,0.000,0.0000,0.0000,-0.0002,-5.7031,0.0222,0.000,0.0000
13.2481,56.7359,True,False,False,0.000,0.000,0.0000,0.0000,0.0000,-5.7152,0.6539,-0.450,0.0121
13.2611,56.7460,True,False,False,0.000,0.000,0.0000,0.0000,0.0005,-5.7412,1.3958,-0.450,0.0381
13.2736,56.7460,True,False,False,0.000,0.000,0.0000,0.0000,0.0005,-5.7412,1.3958,-0.450,0.0381
13.2855,56.7614,True,False,False,0.000,0.000,0.0000,0.0000,0.0011,-5.7823,2.1930,-0.450,0.0792
13.2988,56.7614,True,False,False,0.000,0.000,0.0000,0.0000,0.0011,-5.7823,2.1930,-0.450,0.0792
13.3108,56.7841,True,False,False,0.000,0.000,0.0000,0.0000,0.0022,-5.8359,2.9115,-0.450,0.1328
13.3236,56.8160,True,False,False,0.000,0.000,0.0000,0.0000,0.0033,-5.8963,3.4127,-0.450,0.1931
13.3363,56.8160,True,False,False,0.000,0.000,0.0000,0.0000,0.0033,-5.8963,3.4127,-0.450,0.1931
13.3495,56.8495,True,False,False,0.000,0.000,0.0000,0.0000,0.0038,-5.9628,3.7231,-0.450,0.2596
13.3623,56.8734,True,False,False,0.000,0.000,0.0000,0.0000,0.0036,-6.0310,3.6160,-0.450,0.3279
13.3758,56.8734,True,False,False,0.000,0.000,0.0000,0.0000,0.0036,-6.0310,3.6160,-0.450,0.3279
13.3879,56.8878,True,False,False,0.000,0.000,0.0000,0.0000,0.0033,-6.0983,3.4420,-0.450,0.3952
13.4005,56.8940,True,False,False,0.000,0.000,0.0000,0.0000,0.0031,-6.1646,3.3281,-0.450,0.4615
13.4133,56.8940,True,False,False,0.000,0.000,0.0000,0.0000,0.0031,-6.1646,3.3281,-0.450,0.4615
13.4257,56.8936,True,False,False,0.000,0.000,0.0000,0.0000,0.0030,-6.2299,3.2659,-0.450,0.5268
13.4394,56.8936,True,False,False,0.000,0.000,0.0000,0.0000,0.0030,-6.2299,3.2659,-0.450,0.5268
13.4513,56.8882,True,False,False,0.000,0.000,0.0000,0.0000,0.0031,-6.2944,3.2371,-0.450,0.5913
13.4640,56.8769,True,False,False,0.000,0.000,0.0000,0.0000,0.0031,-6.3584,3.2496,-0.450,0.6553
13.4770,56.8769,True,False,False,0.000,0.000,0.0000,0.0000,0.0031,-6.3584,3.2496,-0.450,0.6553
13.4889,56.8597,True,False,False,0.000,0.000,0.0000,0.0000,0.0031,-6.4218,3.2824,-0.450,0.7186
13.5023,56.8383,True,False,False,0.000,0.000,0.0000,0.0000,0.0031,-6.4844,3.3098,-0.450,0.7813
13.5151,56.8383,True,False,False,0.000,0.000,0.0000,0.0000,0.0031,-6.4844,3.3098,-0.450,0.7813
13.5270,56.8150,True,False,False,0.000,0.000,0.0000,0.0000,0.0030,-6.5466,3.3177,-0.450,0.8434
13.5392,56.8150,True,False,False,0.000,0.000,0.0000,0.0000,0.0030,-6.5466,3.3177,-0.450,0.8434
13.5511,56.8042,True,False,False,0.000,0.000,0.0000,0.0000,0.0029,-6.6013,2.7919,-0.450,0.8982
13.5642,56.8025,True,False,False,0.000,0.000,0.0000,0.0000,0.0028,-6.6596,2.9121,-0.450,0.9564
13.5768,56.8025,True,False,False,0.000,0.000,0.0000,0.0000,0.0028,-6.6596,2.9121,-0.450,0.9564
13.5888,56.8026,True,False,False,0.000,0.000,0.0000,0.0000,0.0027,-6.7238,3.2130,-0.450,1.0207
13.6019,56.8051,True,False,False,0.000,0.000,0.0000,0.0000,0.0026,-6.7883,3.2292,-0.450,1.0852
13.6150,56.8051,True,False,False,0.000,0.000,0.0000,0.0000,0.0026,-6.7883,3.2292,-0.450,1.0852
13.7087,56.7975,True,False,False,0.000,0.000,0.0000,0.0000,0.0026,-7.1102,3.2442,-0.450,1.4071
13.7243,56.7594,True,False,False,0.000,0.000,0.0000,0.0000,0.0027,-7.1666,3.3992,-0.450,1.4634
13.7374,56.7594,True,False,False,0.000,0.000,0.0000,0.0000,0.0027,-7.1666,3.3992,-0.450,1.4634
13.7497,56.7319,True,False,False,0.000,0.000,0.0000,0.0000,0.0018,-7.2128,2.6909,-0.450,1.5096
13.7629,56.7031,True,False,False,0.000,0.000,0.0000,0.0000,0.0010,-7.2587,2.7090,-0.450,1.5555
13.7757,56.7031,True,False,False,0.000,0.000,0.0000,0.0000,0.0010,-7.2587,2.7090,-0.450,1.5555
13.7875,56.6713,False,False,False,0.000,0.000,0.0000,0.0000,0.0002,-7.3017,2.6759,-0.450,1.5986
13.8013,56.6363,False,False,False,0.000,0.000,0.0000,0.0000,-0.0003,-7.3500,2.9826,-0.450,1.6469
13.8130,56.6363,False,False,False,0.000,0.000,0.0000,0.0000,-0.0003,-7.3500,2.9826,-0.450,1.6469
13.8235,56.5950,False,False,False,0.000,0.000,0.0000,0.0000,-0.0006,-7.4037,3.3849,-0.450,1.7005
13.8337,56.5950,False,False,False,0.000,0.000,0.0000,0.0000,-0.0006,-7.4037,3.3849,-0.450,1.7005
13.8431,56.5555,False,False,False,0.000,0.000,0.0000,0.0000,-0.0007,-7.4449,2.8567,-0.450,1.7418
13.8543,56.5555,False,False,False,0.000,0.000,0.0000,0.0000,-0.0007,-7.4449,2.8567,-0.450,1.7418
13.8643,56.5096,False,False,False,0.000,0.000,0.0000,0.0000,-0.0008,-7.4915,3.2674,-0.450,1.7884
13.9558,56.2661,False,False,False,0.000,0.000,0.0000,0.0000,-0.0008,-7.7135,4.4538,-0.450,2.0104
13.9685,56.1913,False,False,False,0.000,0.000,0.0000,0.0000,-0.0008,-7.7687,4.6447,-0.450,2.0656
13.9792,56.1913,False,False,False,0.000,0.000,0.0000,0.0000,-0.0008,-7.7687,4.6447,-0.450,2.0656
13.9897,56.1111,False,False,False,0.000,0.000,0.0000,0.0000,-0.0008,-7.8230,4.8434,-0.450,2.1199
14.0000,56.1111,False,False,False,0.000,0.000,0.0000,0.0000,-0.0008,-7.8230,4.8434,-0.450,2.1199
14.0097,55.9918,True,False,False,0.000,0.000,0.0000,0.0000,0.0000,-7.8713,6.4375,-0.450,2.1682
14.0203,55.8446,True,False,False,0.000,0.000,0.0000,0.0000,0.0005,-7.9158,7.6891,-0.450,2.2127
14.0305,55.8446,True,False,False,0.000,0.000,0.0000,0.0000,0.0005,-7.9158,7.6891,-0.450,2.2127
14.0401,55.6837,True,False,False,0.000,0.000,0.0000,0.0000,0.0007,-7.9583,8.3209,-0.450,2.2552
14.0507,55.6837,True,False,False,0.000,0.000,0.0000,0.0000,0.0007,-7.9583,8.3209,-0.450,2.2552
14.0606,55.7464,True,False,False,0.000,0.000,0.0000,0.0000,0.0007,-7.9680,0.0000,-0.450,2.2648
14.0714,55.7464,True,False,False,0.000,0.000,0.0000,0.0000,0.0007,-7.9680,0.0000,-0.450,2.2648
14.0818,55.7577,True,False,False,0.000,0.000,0.0000,0.0000,0.0008,-7.9781,0.7967,-0.450,2.2750
14.0920,55.7577,True,False,False,0.000,0.000,0.0000,0.0000,0.0008,-7.9781,0.7967,-0.450,2.2750
14.1016,55.7563,True,False,False,0.000,0.000,0.0000,0.0000,0.0008,-8.0036,1.4234,-0.450,2.3005
14.1119,55.7563,True,False,False,0.000,0.000,0.0000,0.0000,0.0008,-8.0036,1.4234,-0.450,2.3005
14.1215,55.7507,True,False,False,0.000,0.000,0.0000,0.0000,0.0008,-8.0435,2.0452,-0.450,2.3404
14.1317,55.7507,True,False,False,0.000,0.000,0.0000,0.0000,0.0008,-8.0435,2.0452,-0.450,2.3404
14.1410,55.7425,True,False,False,0.000,0.000,0.0000,0.0000,0.0008,-8.0968,2.6968,-0.450,2.3937
14.1516,55.7425,True,False,False,0.000,0.000,0.0000,0.0000,0.0008,-8.0968,2.6968,-0.450,2.3937
14.1614,55.7372,True,False,False,0.000,0.000,0.0000,0.0000,0.0008,-8.1540,2.8732,-0.450,2.4509
14.1714,55.7372,True,False,False,0.000,0.000,0.0000,0.0000,0.0008,-8.1540,2.8732,-0.450,2.4509
14.1810,55.7263,True,False,False,0.000,0.000,0.0000,0.0000,0.0009,-8.2159,3.1427,-0.450,2.5128
14.1910,55.7263,True,False,False,0.000,0.000,0.0000,0.0000,0.0009,-8.2159,3.1427,-0.450,2.5128
14.2002,55.7130,True,False,False,0.000,0.000,0.0000,0.0000,0.0010,-8.2744,2.9990,-0.450,2.5713
14.2099,55.7130,True,False,False,0.000,0.000,0.0000,0.0000,0.0010,-8.2744,2.9990,-0.450,2.5713
14.2187,55.7130,True,False,False,0.000,0.000,0.0000,0.0000,0.0010,-8.2744,2.9990,-0.450,2.5713
14.2283,55.7052,True,False,False,0.000,0.000,0.0000,0.0000,0.0010,-8.3257,2.6430,-0.450,2.6226
14.2382,55.7052,True,False,False,0.000,0.000,0.0000,0.0000,0.0010,-8.3257,2.6430,-0.450,2.6226
14.2474,55.6959,True,False,False,0.000,0.000,0.0000,0.0000,0.0011,-8.3818,2.8537,-0.450,2.6787
14.2573,55.6959,True,False,False,0.000,0.000,0.0000,0.0000,0.0011,-8.3818,2.8537,-0.450,2.6787
14.3444,55.6480,True,False,False,0.000,0.000,0.0000,0.0000,0.0012,-8.6755,2.8830,-0.450,2.9724
14.3564,55.6480,True,False,False,0.000,0.000,0.0000,0.0000,0.0012,-8.6755,2.8830,-0.450,2.9724
14.3661,55.6403,True,False,False,0.000,0.000,0.0000,0.0000,0.0013,-8.7343,2.9620,-0.450,3.0312
14.3764,55.6403,True,False,False,0.000,0.000,0.0000,0.0000,0.0013,-8.7343,2.9620,-0.450,3.0312
14.3858,55.6272,True,False,False,0.000,0.000,0.0000,0.0000,0.0013,-8.7962,3.1631,-0.450,3.0930
14.3961,55.6272,True,False,False,0.000,0.000,0.0000,0.0000,0.0013,-8.7962,3.1631,-0.450,3.0930
14.4054,55.6162,True,False,False,0.000,0.000,0.0000,0.0000,0.0013,-8.8553,3.0060,-0.450,3.1521
14.4155,55.6162,True,False,False,0.000,0.000,0.0000,0.0000,0.0013,-8.8553,3.0060,-0.450,3.1521
14.4245,55.6058,True,False,False,0.000,0.000,0.0000,0.0000,0.0014,-8.9150,3.0337,-0.450,3.2119
14.4342,55.6058,True,False,False,0.000,0.000,0.0000,0.0000,0.0014,-8.9150,3.0337,-0.450,3.2119
14.4433,55.6003,True,False,False,0.000,0.000,0.0000,0.0000,0.0014,-8.9469,1.6180,0.000,3.2438
14.4534,55.6003,True,False,False,0.000,0.000,0.0000,0.0000,0.0014,-8.9469,1.6180,0.000,3.2438
14.4626,55.5996,True,False,False,0.000,0.000,0.0000,0.0000,0.0014,-8.9510,0.2068,0.000,3.2479
14.4726,55.5996,True,False,False,0.000,0.000,0.0000,0.0000,0.0014,-8.9510,0.2068,0.000,3.2479
14.4815,55.5996,True,False,False,0.000,0.000,0.0000,0.0000,0.0014,-8.9510,0.0000,0.000,3.2479
14.4915,55.5996,True,False,False,0.000,0.000,0.0000,0.0000,0.0014,-8.9510,0.0000,0.000,3.2479
14.5005,55.5996,True,False,False,0.000,0.000,0.0000,0.0000,0.0014,-8.9510,0.0000,0.000,3.2479
14.5105,55.5996,True,False,False,0.000,0.000,0.0000,0.0000,0.0014,-8.9510,0.0000,0.000,3.2479
14.5201,55.5996,True,False,False,0.000,0.000,0.0000,0.0000,0.0014,-8.9510,0.0000,0.000,3.2479
14.5299,55.5996,True,False,False,0.025,0.025,0.0000,0.0000,0.0014,-8.9510,0.0000,0.000,3.2479
14.5391,55.5996,True,False,False,0.047,0.047,0.0000,0.0000,0.0014,-8.9510,0.0000,0.000,3.2479
14.5481,55.5996,True,False,False,0.070,0.070,0.0000,0.0000,0.0014,-8.9510,0.0000,0.000,3.2479
14.5579,55.5996,True,False,False,0.094,0.094,0.0000,0.0000,0.0014,-8.9510,0.0000,0.000,3.2479
14.5672,55.5996,True,False,False,0.118,0.118,0.0000,0.0000,0.0014,-8.9510,0.0000,0.000,3.2479
14.5771,55.5996,True,False,False,0.142,0.142,0.0000,0.0000,0.0014,-8.9510,0.0000,0.000,3.2479
14.5861,55.5996,True,False,False,0.165,0.165,0.0000,0.0000,0.0014,-8.9510,0.0000,0.000,3.2479
14.5961,55.5996,True,False,False,0.190,0.190,0.0000,0.0000,0.0014,-8.9510,0.0000,0.000,3.2479
14.6051,55.5996,True,False,False,0.212,0.212,0.0000,0.0000,0.0014,-8.9510,0.0000,0.000,3.2479
14.6149,55.5996,True,False,False,0.237,0.237,0.0000,0.0000,0.0014,-8.9510,0.0000,0.000,3.2479
14.6239,55.5996,True,False,False,0.260,0.260,0.0000,0.0000,0.0014,-8.9510,0.0000,0.000,3.2479
14.6340,55.5996,True,False,False,0.285,0.285,0.0000,0.0000,0.0014,-8.9510,0.0000,0.000,3.2479
14.6431,55.5996,True,False,False,0.308,0.308,0.0000,0.0000,0.0014,-8.9510,0.0000,0.000,3.2479
14.6531,55.5996,True,False,False,0.332,0.332,0.0000,0.0000,0.0014,-8.9510,0.0000,0.000,3.2479
14.6624,55.5996,True,False,False,0.356,0.356,0.0000,0.0000,0.0014,-8.9510,0.0000,0.000,3.2479
14.6726,55.5996,True,False,False,0.381,0.381,0.0000,0.0000,0.0014,-8.9510,0.0000,0.000,3.2479
14.6822,55.5996,True,False,False,0.405,0.405,0.0000,0.0000,0.0014,-8.9510,0.0000,0.000,3.2479
14.6925,55.5996,True,False,False,0.431,0.431,0.0000,0.0000,0.0014,-8.9510,0.0000,0.000,3.2479
14.7019,55.5996,True,False,False,0.454,0.454,0.0000,0.0000,0.0014,-8.9510,0.0000,0.000,3.2479
14.7125,55.5996,True,False,False,0.481,0.481,0.0000,0.0000,0.0014,-8.9510,0.0000,0.000,3.2479
14.7222,55.5996,True,False,False,0.505,0.505,0.0000,0.0000,0.0014,-8.9510,0.0000,0.000,3.2479
14.7333,55.5996,True,False,False,0.533,0.533,0.0000,0.0000,0.0014,-8.9510,0.0000,0.000,3.2479
14.7434,55.5996,True,False,False,0.558,0.558,0.0000,0.0000,0.0014,-8.9510,0.0000,0.000,3.2479
14.7542,55.5996,True,False,False,0.585,0.585,0.0000,0.0000,0.0014,-8.9510,0.0000,0.000,3.2479
14.7649,55.5996,True,False,False,0.612,0.612,0.0000,0.0000,0.0014,-8.9510,0.0000,0.000,3.2479
14.7751,55.5996,True,False,False,0.637,0.637,0.0000,0.0000,0.0014,-8.9510,0.0000,0.000,3.2479
14.7850,55.5996,True,False,False,0.662,0.662,0.0000,0.0000,0.0014,-8.9510,0.0000,0.000,3.2479
14.7962,55.5996,True,False,False,0.690,0.690,0.0000,0.0000,0.0014,-8.9510,0.0000,0.000,3.2479
14.8064,55.5996,True,False,False,0.716,0.716,0.0000,0.0000,0.0014,-8.9510,0.0000,0.000,3.2479
14.8171,55.5996,True,False,False,0.742,0.742,0.0000,0.0000,0.0014,-8.9510,0.0000,0.000,3.2479
14.8270,55.5996,True,False,False,0.767,0.767,0.0000,0.0000,0.0014,-8.9510,0.0000,0.000,3.2479
14.9174,55.5996,True,False,False,0.887,0.887,0.0000,0.0000,0.0014,-8.9510,0.0000,0.000,3.2479
14.9291,55.5996,True,False,False,0.916,0.916,0.0000,0.0000,0.0014,-8.9510,0.0000,0.000,3.2479
14.9395,55.5996,True,False,False,0.942,0.942,0.0000,0.0000,0.0014,-8.9510,0.0000,0.000,3.2479
14.9488,55.5996,True,False,False,0.966,0.966,0.0000,0.0000,0.0014,-8.9510,0.0000,0.000,3.2479
14.9588,55.5996,True,False,False,0.991,0.991,0.0000,0.0000,0.0014,-8.9510,0.0000,0.000,3.2479
14.9680,55.5996,True,False,False,1.000,1.000,0.0000,0.0000,0.0014,-8.9510,0.0000,0.000,3.2479
14.9778,55.5996,True,False,False,1.000,1.000,0.0000,0.0000,0.0014,-8.9510,0.0000,0.000,3.2479
14.9874,55.5996,True,False,False,1.000,1.000,0.0000,0.0000,0.0014,-8.9510,0.0000,0.000,3.2479
14.9972,55.5996,True,False,False,1.000,1.000,0.0000,0.0000,0.0014,-8.9510,0.0000,0.000,3.2479
15.0066,55.5996,True,False,False,1.000,1.000,0.0000,0.0000,0.0014,-8.9510,0.0000,0.000,3.2479
15.0167,55.5996,True,False,False,1.000,1.000,0.0000,0.0000,0.0014,-8.9510,0.0000,0.000,3.2479
15.0258,55.5996,True,False,False,1.000,1.000,0.0000,0.0000,0.0014,-8.9510,0.0000,0.000,3.2479
15.0362,55.5996,True,False,False,1.000,1.000,0.0000,0.0000,0.0014,-8.9510,0.0000,0.000,3.2479
15.0452,55.5996,True,False,False,1.000,1.000,0.0000,0.0000,0.0014,-8.9510,0.0000,0.000,3.2479
15.0549,55.5996,True,False,False,1.000,1.000,0.0000,0.0000,0.0014,-8.9510,0.0000,0.000,3.2479
15.0640,55.5996,True,False,False,1.000,1.000,0.0000,0.0000,0.0014,-8.9510,0.0000,0.000,3.2479
15.0741,55.5996,True,False,False,1.000,1.000,0.0000,0.0000,0.0014,-8.9510,0.0000,0.000,3.2479
15.0844,55.5996,True,False,False,1.000,1.000,0.0000,0.0000,0.0014,-8.9510,0.0000,0.000,3.2479
15.0939,55.5996,True,False,False,1.000,1.000,0.0000,0.0000,0.0014,-8.9510,0.0000,0.000,3.2479
15.1034,55.5996,True,False,False,1.000,1.000,0.0000,0.0000,0.0014,-8.9510,0.0000,0.000,3.2479
15.1136,55.5996,True,False,False,1.000,1.000,0.0000,0.0000,0.0014,-8.9510,0.0000,0.000,3.2479
15.1230,55.5996,True,False,False,1.000,1.000,0.0000,0.0000,0.0014,-8.9510,0.0000,0.000,3.2479
15.1337,55.5996,True,False,False,1.000,1.000,0.0000,0.0000,0.0014,-8.9510,0.0000,0.000,3.2479
15.1434,55.5996,True,False,False,1.000,1.000,0.0000,0.0000,0.0014,-8.9510,0.0000,0.000,3.2479
15.1546,55.5996,True,False,False,1.000,1.000,0.0000,0.0000,0.0014,-8.9510,0.0000,0.000,3.2479
15.1641,55.5996,True,False,False,1.000,1.000,0.0000,0.0000,0.0014,-8.9510,0.0000,0.000,3.2479
15.1740,55.5996,True,False,False,1.000,1.000,0.0000,0.0000,0.0014,-8.9510,0.0000,0.000,3.2479
15.1833,55.5996,True,False,False,1.000,1.000,0.0000,0.0000,0.0014,-8.9510,0.0000,0.000,3.2479
15.1934,55.5996,True,False,False,1.000,1.000,0.0000,0.0000,0.0014,-8.9510,0.0000,0.000,3.2479
15.2031,55.5996,True,False,False,1.000,1.000,0.0000,0.0000,0.0014,-8.9510,0.0000,0.000,3.2479
15.2127,55.5996,True,False,False,1.000,1.000,0.0000,0.0000,0.0014,-8.9510,0.0000,0.000,3.2479
15.2220,55.5996,True,False,False,1.000,1.000,0.0000,0.0000,0.0014,-8.9510,0.0000,0.000,3.2479
15.2318,55.5996,True,False,False,1.000,1.000,0.0000,0.0000,0.0014,-8.9510,0.0000,0.000,3.2479
15.2407,55.5996,True,False,False,1.000,1.000,0.0000,0.0000,0.0014,-8.9510,0.0000,0.000,3.2479
15.2509,55.5996,True,False,False,1.000,1.000,0.0000,0.0000,0.0014,-8.9510,0.0000,0.000,3.2479
15.2603,55.5996,True,False,False,1.000,1.000,0.0000,0.0000,0.0014,-8.9510,0.0000,0.000,3.2479
15.2705,55.5996,True,False,False,1.000,1.000,0.0000,0.0000,0.0014,-8.9510,0.0000,0.000,3.2479
15.2807,55.5996,True,False,False,1.000,1.000,0.0000,0.0000,0.0014,-8.9510,0.0000,0.000,3.2479
15.2908,55.5996,True,False,False,1.000,1.000,0.0000,0.0000,0.0014,-8.9510,0.0000,0.000,3.2479
15.3004,55.5996,True,False,False,1.000,1.000,0.0000,0.0000,0.0014,-8.9510,0.0000,0.000,3.2479
15.3109,55.5996,True,False,False,1.000,1.000,0.0000,0.0000,0.0014,-8.9510,0.0000,0.000,3.2479
15.3212,55.5996,True,False,False,1.000,1.000,0.0000,0.0000,0.0014,-8.9510,0.0000,0.000,3.2479
15.3313,55.5996,True,False,False,1.000,1.000,0.0000,0.0000,0.0014,-8.9510,0.0000,0.000,3.2479
15.3409,55.5996,True,False,False,1.000,1.000,0.0000,0.0000,0.0014,-8.9510,0.0000,0.000,3.2479
15.3514,55.5996,True,False,False,1.000,1.000,0.0000,0.0000,0.0014,-8.9510,0.0000,0.000,3.2479
15.3611,55.5996,True,False,False,1.000,1.000,0.0000,0.0000,0.0014,-8.9510,0.0000,0.000,3.2479
15.3709,55.5996,True,False,False,1.000,1.000,0.0000,0.0000,0.0014,-8.9510,0.0000,0.000,3.2479
15.3805,55.5996,True,False,False,1.000,1.000,0.0000,0.0000,0.0014,-8.9510,0.0000,0.000,3.2479
15.3903,55.5996,True,False,False,1.000,1.000,0.0000,0.0000,0.0014,-8.9510,0.0000,0.000,3.2479
15.3994,55.5996,True,False,False,1.000,1.000,0.0000,0.0000,0.0014,-8.9510,0.0000,0.000,3.2479
15.4089,55.5996,True,False,False,1.000,1.000,0.0000,0.0000,0.0014,-8.9510,0.0000,0.000,3.2479
15.4186,55.5996,True,False,False,1.000,1.000,0.0000,0.0000,0.0014,-8.9510,0.0000,0.000,3.2479
15.4275,55.5996,True,False,False,1.000,1.000,0.0000,0.0000,0.0014,-8.9510,0.0000,0.000,3.2479
15.4373,55.5996,True,False,False,1.000,1.000,0.0000,0.0000,0.0014,-8.9510,0.0000,0.000,3.2479
15.4462,55.5996,True,False,False,1.000,1.000,0.0000,0.0000,0.0014,-8.9510,0.0000,0.000,3.2479
15.4560,55.5996,True,False,False,1.000,1.000,0.0000,0.0000,0.0014,-8.9510,0.0000,0.000,3.2479
15.4656,55.5996,True,False,False,1.000,1.000,0.0000,0.0000,0.0014,-8.9510,0.0000,0.000,3.2479
15.4753,55.5996,True,False,False,1.000,1.000,0.0000,0.0000,0.0014,-8.9510,0.0000,0.000,3.2479
15.4844,55.5996,True,False,False,1.000,1.000,0.0000,0.0000,0.0014,-8.9510,0.0000,0.000,3.2479
15.4945,55.5996,True,False,False,1.000,1.000,0.0000,0.0000,0.0014,-8.9510,0.0000,0.000,3.2479
15.5034,55.5996,True,False,False,1.000,1.000,0.0000,0.0000,0.0014,-8.9510,0.0000,0.000,3.2479
15.5135,55.5996,True,False,False,1.000,1.000,0.0000,0.0000,0.0014,-8.9510,0.0000,0.000,3.2479
15.5229,55.5996,True,False,False,1.000,1.000,0.0000,0.0000,0.0014,-8.9510,0.0000,0.000,3.2479
15.5330,55.5996,True,False,False,1.000,1.000,0.0000,0.0000,0.0014,-8.9510,0.0000,0.000,3.2479
15.5422,55.5996,True,False,False,1.000,1.000,0.0000,0.0000,0.0014,-8.9510,0.0000,0.000,3.2479
15.5524,55.5996,True,False,False,1.000,1.000,0.0000,0.0000,0.0014,-8.9510,0.0000,0.000,3.2479
15.5618,55.5996,True,False,False,1.000,1.000,0.0000,0.0000,0.0014,-8.9510,0.0000,0.000,3.2479
15.5721,55.5996,True,False,False,1.000,1.000,0.0000,0.0000,0.0014,-8.9510,0.0000,0.000,3.2479
15.5815,55.5996,True,False,False,1.000,1.000,0.0000,0.0000,0.0014,-8.9510,0.0000,0.000,3.2479
15.5916,55.5996,True,False,False,1.000,1.000,0.0000,0.0000,0.0014,-8.9510,0.0000,0.000,3.2479
15.6008,55.5996,True,False,False,1.000,1.000,0.0000,0.0000,0.0014,-8.9510,0.0000,0.000,3.2479
15.6111,55.5996,True,False,False,1.000,1.000,0.0000,0.0000,0.0014,-8.9510,0.0000,0.000,3.2479
15.6210,55.5996,True,False,False,1.000,1.000,0.0000,0.0000,0.0014,-8.9510,0.0000,0.000,3.2479
15.6312,55.5996,True,False,False,1.000,1.000,0.0000,0.0000,0.0014,-8.9510,0.0000,0.000,3.2479
15.6405,55.5996,True,False,False,1.000,1.000,0.0000,0.0000,0.0014,-8.9510,0.0000,0.000,3.2479
15.6508,55.5996,True,False,False,1.000,1.000,0.0000,0.0000,0.0014,-8.9510,0.0000,0.000,3.2479
15.6601,55.5996,True,False,False,1.000,1.000,0.0000,0.0000,0.0014,-8.9510,0.0000,0.000,3.2479
15.6705,55.5996,True,False,False,1.000,1.000,0.0000,0.0000,0.0014,-8.9510,0.0000,0.000,3.2479
15.6798,55.5996,True,False,False,1.000,1.000,0.0000,0.0000,0.0014,-8.9510,0.0000,0.000,3.2479
15.6893,55.5996,True,False,False,1.000,1.000,0.0000,0.0000,0.0014,-8.9510,0.0000,0.000,3.2479
15.6996,55.5996,True,False,False,1.000,1.000,0.0000,0.0000,0.0014,-8.9510,0.0000,0.000,3.2479
15.7091,55.5996,True,False,False,1.000,1.000,0.0000,0.0000,0.0014,-8.9510,0.0000,0.000,3.2479
15.7197,55.5996,True,False,False,1.000,1.000,0.0000,0.0000,0.0014,-8.9510,0.0000,0.000,3.2479
15.7291,55.5996,True,False,False,1.000,1.000,0.0000,0.0000,0.0014,-8.9510,0.0000,0.000,3.2479
15.7396,55.5996,True,False,False,1.000,1.000,0.0000,0.0000,0.0014,-8.9510,0.0000,0.000,3.2479
15.7501,55.5996,True,False,False,1.000,1.000,0.0000,0.0000,0.0014,-8.9510,0.0000,0.000,3.2479
15.7606,55.5996,True,False,False,1.000,1.000,0.0000,0.0000,0.0014,-8.9510,0.0000,0.000,3.2479
15.7707,55.5996,True,False,False,1.000,1.000,0.0000,0.0000,0.0014,-8.9510,0.0000,0.000,3.2479
15.7802,55.5996,True,False,False,1.000,1.000,0.0000,0.0000,0.0014,-8.9510,0.0000,0.000,3.2479
15.7905,55.5996,True,False,False,1.000,1.000,0.0000,0.0000,0.0014,-8.9510,0.0000,0.000,3.2479
15.8019,55.5996,True,False,False,1.000,1.000,0.0000,0.0000,0.0014,-8.9510,0.0000,0.000,3.2479
15.8122,55.5996,True,False,False,1.000,1.000,0.0000,0.0000,0.0014,-8.9510,0.0000,0.000,3.2479
15.8216,55.5996,True,False,False,1.000,1.000,0.0000,0.0000,0.0014,-8.9510,0.0000,0.000,3.2479
15.8317,55.5996,True,False,False,1.000,1.000,0.0000,0.0000,0.0014,-8.9510,0.0000,0.000,3.2479
15.8410,55.5996,True,False,False,1.000,1.000,0.0000,0.0000,0.0014,-8.9510,0.0000,0.000,3.2479
15.8514,55.5996,True,False,False,1.000,1.000,0.0000,0.0000,0.0014,-8.9510,0.0000,0.000,3.2479
15.8607,55.5996,True,False,False,1.000,1.000,0.0000,0.0000,0.0014,-8.9510,0.0000,0.000,3.2479
15.8717,55.5996,True,False,False,1.000,1.000,0.0000,0.0000,0.0014,-8.9510,0.0000,0.000,3.2479
15.8811,55.5996,True,False,False,1.000,1.000,0.0000,0.0000,0.0014,-8.9510,0.0000,0.000,3.2479
15.8916,55.5996,True,False,False,1.000,1.000,0.0000,0.0000,0.0014,-8.9510,0.0000,0.000,3.2479
15.9019,55.5996,True,False,False,1.000,1.000,0.0000,0.0000,0.0014,-8.9510,0.0000,0.000,3.2479
15.9120,55.5996,True,False,False,1.000,1.000,0.0000,0.0000,0.0014,-8.9510,0.0000,0.000,3.2479
15.9215,55.5996,True,False,False,1.000,1.000,0.0000,0.0000,0.0014,-8.9510,0.0000,0.000,3.2479
15.9321,55.5996,True,False,False,1.000,1.000,0.0000,0.0000,0.0014,-8.9510,0.0000,0.000,3.2479
15.9423,55.5996,True,False,False,1.000,1.000,0.0000,0.0000,0.0014,-8.9510,0.0000,0.000,3.2479
15.9531,55.5996,True,False,False,1.000,1.000,0.0000,0.0000,0.0014,-8.9510,0.0000,0.000,3.2479
15.9630,55.5996,True,False,False,1.000,1.000,0.0000,0.0000,0.0014,-8.9510,0.0000,0.000,3.2479
15.9739,55.5996,True,False,False,1.000,1.000,0.0000,0.0000,0.0014,-8.9510,0.0000,0.000,3.2479
15.9837,55.5996,True,False,False,1.000,1.000,0.0000,0.0000,0.0014,-8.9510,0.0000,0.000,3.2479
15.9945,55.5996,True,False,False,1.000,1.000,0.0000,0.0000,0.0014,-8.9510,0.0000,0.000,3.2479
16.0051,55.5996,True,False,False,1.000,1.000,0.0000,0.0000,0.0014,-8.9510,0.0000,0.000,3.2479
16.0164,55.5996,True,False,False,1.000,1.000,0.0000,0.0000,0.0014,-8.9510,0.0000,0.000,3.2479
16.0267,55.5996,True,False,False,1.000,1.000,0.0000,0.0000,0.0014,-8.9510,0.0000,0.000,3.2479
16.0379,55.5996,True,False,False,1.000,1.000,0.0000,0.0000,0.0014,-8.9510,0.0000,0.000,3.2479
16.0477,55.5996,True,False,False,1.000,1.000,0.0000,0.0000,0.0014,-8.9510,0.0000,0.000,3.2479
16.0587,55.5996,True,False,False,1.000,1.000,0.0000,0.0000,0.0014,-8.9510,0.0000,0.000,3.2479
16.0683,55.5996,True,False,False,1.000,1.000,0.0000,0.0000,0.0014,-8.9510,0.0000,0.000,3.2479
16.0826,55.5996,True,False,False,1.000,1.000,0.0000,0.0000,0.0014,-8.9510,0.0000,0.000,3.2479
16.0935,55.5996,True,False,False,1.000,1.000,0.0000,0.0000,0.0014,-8.9510,0.0000,0.000,3.2479
16.1044,55.5996,True,False,False,1.000,1.000,0.0000,0.0000,0.0014,-8.9510,0.0000,0.000,3.2479
16.1148,55.5996,True,False,False,1.000,1.000,0.0000,0.0000,0.0014,-8.9510,0.0000,0.000,3.2479
16.1246,55.5996,True,False,False,1.000,1.000,0.0000,0.0000,0.0014,-8.9510,0.0000,0.000,3.2479
16.1354,55.5996,True,False,False,1.000,1.000,0.0000,0.0000,0.0014,-8.9510,0.0000,0.000,3.2479
16.1449,55.5996,True,False,False,1.000,1.000,0.0000,0.0000,0.0014,-8.9510,0.0000,0.000,3.2479
16.1556,55.5996,True,False,False,1.000,1.000,0.0000,0.0000,0.0014,-8.9510,0.0000,0.000,3.2479
16.1651,55.5996,True,False,False,1.000,1.000,0.0000,0.0000,0.0014,-8.9510,0.0000,0.000,3.2479
16.1750,55.5996,True,False,False,1.000,1.000,0.0000,0.0000,0.0014,-8.9510,0.0000,0.000,3.2479
16.1844,55.5996,True,False,False,1.000,1.000,0.0000,0.0000,0.0014,-8.9510,0.0000,0.000,3.2479
16.1947,55.5996,True,False,False,1.000,1.000,0.0000,0.0000,0.0014,-8.9510,0.0000,0.000,3.2479
16.2042,55.5996,True,False,False,1.000,1.000,0.0000,0.0000,0.0014,-8.9510,0.0000,0.000,3.2479
16.2144,55.5996,True,False,False,1.000,1.000,0.0000,0.0000,0.0014,-8.9510,0.0000,0.000,3.2479
16.2234,55.5996,True,False,False,1.000,1.000,0.0000,0.0000,0.0014,-8.9510,0.0000,0.000,3.2479
16.2332,55.5996,True,False,False,1.000,1.000,0.0000,0.0000,0.0014,-8.9510,0.0000,0.000,3.2479
16.2425,55.5996,True,False,False,1.000,1.000,0.0000,0.0000,0.0014,-8.9510,0.0000,0.000,3.2479
16.2527,55.5996,True,False,False,1.000,1.000,0.0000,0.0000,0.0014,-8.9510,0.0000,0.000,3.2479
16.2623,55.5996,True,False,False,1.000,1.000,0.0000,0.0000,0.0014,-8.9510,0.0000,0.000,3.2479
16.2726,55.5996,True,False,False,1.000,1.000,0.0000,0.0000,0.0014,-8.9510,0.0000,0.000,3.2479
16.2821,55.5996,True,False,False,1.000,1.000,0.0000,0.0000,0.0014,-8.9510,0.0000,0.000,3.2479
16.2926,55.5996,True,False,False,1.000,1.000,0.0000,0.0000,0.0014,-8.9510,0.0000,0.000,3.2479
16.3021,55.5996,True,False,False,1.000,1.000,0.0000,0.0000,0.0014,-8.9510,0.0000,0.000,3.2479
16.3125,55.5996,True,False,False,1.000,1.000,0.0000,0.0000,0.0014,-8.9510,0.0000,0.000,3.2479
16.3222,55.5996,True,False,False,1.000,1.000,0.0000,0.0000,0.0014,-8.9510,0.0000,0.000,3.2479
16.3324,55.5996,True,False,False,1.000,1.000,0.0000,0.0000,0.0014,-8.9510,0.0000,0.000,3.2479
16.3417,55.5996,True,False,False,1.000,1.000,0.0000,0.0000,0.0014,-8.9510,0.0000,0.000,3.2479
16.3519,55.5996,True,False,False,1.000,1.000,0.0000,0.0000,0.0014,-8.9510,0.0000,0.000,3.2479
16.3615,55.5996,True,False,False,1.000,1.000,0.0000,0.0000,0.0014,-8.9510,0.0000,0.000,3.2479
16.3717,55.5996,True,False,False,1.000,1.000,0.0000,0.0000,0.0014,-8.9510,0.0000,0.000,3.2479
16.3811,55.5996,True,False,False,1.000,1.000,0.0000,0.0000,0.0014,-8.9510,0.0000,0.000,3.2479
16.3920,55.5996,True,False,False,1.000,1.000,0.0000,0.0000,0.0014,-8.9510,0.0000,0.000,3.2479
16.4010,55.5996,True,False,False,1.000,1.000,0.0000,0.0000,0.0014,-8.9510,0.0000,0.000,3.2479
16.4107,55.5996,True,False,False,1.000,1.000,0.0000,0.0000,0.0014,-8.9510,0.0000,0.000,3.2479
16.4198,55.5996,True,False,False,1.000,1.000,0.0000,0.0000,0.0014,-8.9510,0.0000,0.000,3.2479
16.4291,55.5996,True,False,False,1.000,1.000,0.0000,0.0000,0.0014,-8.9510,0.0000,0.000,3.2479
16.4390,55.5996,True,False,False,1.000,1.000,0.0000,0.0000,0.0014,-8.9510,0.0000,0.000,3.2479
16.4483,55.5996,True,False,False,1.000,1.000,0.0000,0.0000,0.0014,-8.9510,0.0000,0.000,3.2479
16.4580,55.5996,True,False,False,1.000,1.000,0.0000,0.0000,0.0014,-8.9510,0.0000,0.000,3.2479
16.4674,55.5996,True,False,False,1.000,1.000,0.0000,0.0000,0.0014,-8.9510,0.0000,0.000,3.2479
16.4774,55.5996,True,False,False,1.000,1.000,0.0000,0.0000,0.0014,-8.9510,0.0000,0.000,3.2479
16.4865,55.5996,True,False,False,1.000,1.000,0.0000,0.0000,0.0014,-8.9510,0.0000,0.000,3.2479
16.4963,55.5996,True,False,False,1.000,1.000,0.0000,0.0000,0.0014,-8.9510,0.0000,0.000,3.2479
16.5055,55.5996,True,False,False,1.000,1.000,0.0000,0.0000,0.0014,-8.9510,0.0000,0.000,3.2479
16.5160,55.5996,True,False,False,1.000,1.000,0.0000,0.0000,0.0014,-8.9510,0.0000,0.000,3.2479
16.5258,55.5996,True,False,False,1.000,1.000,0.0000,0.0000,0.0014,-8.9510,0.0000,0.000,3.2479
16.5359,55.5996,True,False,False,1.000,1.000,0.0000,0.0000,0.0014,-8.9510,0.0000,0.000,3.2479
16.5452,55.5996,True,False,False,1.000,1.000,0.0000,0.0000,0.0014,-8.9510,0.0000,0.000,3.2479
16.5554,55.5996,True,False,False,1.000,1.000,0.0000,0.0000,0.0014,-8.9510,0.0000,0.000,3.2479
16.5649,55.5996,True,False,False,1.000,1.000,0.0000,0.0000,0.0014,-8.9510,0.0000,0.000,3.2479
16.5752,55.5996,True,False,False,1.000,1.000,0.0000,0.0000,0.0014,-8.9510,0.0000,0.000,3.2479
16.5847,55.5996,True,False,False,1.000,1.000,0.0000,0.0000,0.0014,-8.9510,0.0000,0.000,3.2479
16.5948,55.5996,True,False,False,1.000,1.000,0.0000,0.0000,0.0014,-8.9510,0.0000,0.000,3.2479
16.6042,55.5996,True,False,False,1.000,1.000,0.0000,0.0000,0.0014,-8.9510,0.0000,0.000,3.2479
16.6143,55.5996,True,False,False,1.000,1.000,0.0000,0.0000,0.0014,-8.9510,0.0000,0.000,3.2479
16.6238,55.5996,True,False,False,1.000,1.000,0.0000,0.0000,0.0014,-8.9510,0.0000,0.000,3.2479
16.6344,55.5996,True,False,False,1.000,1.000,0.0000,0.0000,0.0014,-8.9510,0.0000,0.000,3.2479
16.6434,55.5996,True,False,False,1.000,1.000,0.0000,0.0000,0.0014,-8.9510,0.0000,0.000,3.2479
16.6541,55.5996,True,False,False,1.000,1.000,0.0000,0.0000,0.0014,-8.9510,0.0000,0.000,3.2479
16.6644,55.5996,True,False,False,1.000,1.000,0.0000,0.0000,0.0014,-8.9510,0.0000,0.000,3.2479
16.6754,55.5996,True,False,False,1.000,1.000,0.0000,0.0000,0.0014,-8.9510,0.0000,0.000,3.2479
16.6858,55.5996,True,False,False,1.000,1.000,0.0000,0.0000,0.0014,-8.9510,0.0000,0.000,3.2479
16.6973,55.5996,True,False,False,1.000,1.000,0.0000,0.0000,0.0014,-8.9510,0.0000,0.000,3.2479
16.7081,55.5996,True,False,False,1.000,1.000,0.0000,0.0000,0.0014,-8.9510,0.0000,0.000,3.2479
16.7193,55.5996,True,False,False,1.000,1.000,0.0000,0.0000,0.0014,-8.9510,0.0000,0.000,3.2479
16.7297,55.5996,True,False,False,1.000,1.000,0.0000,0.0000,0.0014,-8.9510,0.0000,0.000,3.2479
16.7409,55.5996,True,False,False,1.000,1.000,0.0000,0.0000,0.0014,-8.9510,0.0000,0.000,3.2479
16.7517,55.5996,True,False,False,1.000,1.000,0.0000,0.0000,0.0014,-8.9510,0.0000,0.000,3.2479
16.7631,55.5996,True,False,False,1.000,1.000,0.0000,0.0000,0.0014,-8.9510,0.0000,0.000,3.2479
16.7742,55.5996,True,False,False,1.000,1.000,0.0000,0.0000,0.0014,-8.9510,0.0000,0.000,3.2479
16.7843,55.5996,True,False,False,1.000,1.000,0.0000,0.0000,0.0014,-8.9510,0.0000,0.000,3.2479
16.7952,55.5996,True,False,False,1.000,1.000,0.0000,0.0000,0.0014,-8.9510,0.0000,0.000,3.2479
16.8054,55.5996,True,False,False,1.000,1.000,0.0000,0.0000,0.0014,-8.9510,0.0000,0.000,3.2479
16.8160,55.5996,True,False,False,1.000,1.000,0.0000,0.0000,0.0014,-8.9510,0.0000,0.000,3.2479
16.8265,55.5996,True,False,False,1.000,1.000,0.0000,0.0000,0.0014,-8.9510,0.0000,0.000,3.2479
16.8372,55.5996,True,False,False,1.000,1.000,0.0000,0.0000,0.0014,-8.9510,0.0000,0.000,3.2479
16.8466,55.5996,True,False,False,1.000,1.000,0.0000,0.0000,0.0014,-8.9510,0.0000,0.000,3.2479
16.8572,55.5996,True,False,False,1.000,1.000,0.0000,0.0000,0.0014,-8.9510,0.0000,0.000,3.2479
16.8671,55.5996,True,False,False,1.000,1.000,0.0000,0.0000,0.0014,-8.9510,0.0000,0.000,3.2479
16.8777,55.5996,True,False,False,1.000,1.000,0.0000,0.0000,0.0014,-8.9510,0.0000,0.000,3.2479
16.8875,55.5996,True,False,False,1.000,1.000,0.0000,0.0000,0.0014,-8.9510,0.0000,0.000,3.2479
16.8982,55.5996,True,False,False,1.000,1.000,0.0000,0.0000,0.0014,-8.9510,0.0000,0.000,3.2479
16.9080,55.5996,True,False,False,1.000,1.000,0.0000,0.0000,0.0014,-8.9510,0.0000,0.000,3.2479
16.9189,55.5996,True,False,False,1.000,1.000,0.0000,0.0000,0.0014,-8.9510,0.0000,0.000,3.2479
16.9290,55.5996,True,False,False,1.000,1.000,0.0000,0.0000,0.0014,-8.9510,0.0000,0.000,3.2479
16.9392,55.5996,True,False,False,1.000,1.000,0.0000,0.0000,0.0014,-8.9510,0.0000,0.000,3.2479
16.9488,55.5996,True,False,False,1.000,1.000,0.0000,0.0000,0.0014,-8.9510,0.0000,0.000,3.2479
16.9589,55.5996,True,False,False,1.000,1.000,0.0000,0.0000,0.0014,-8.9510,0.0000,0.000,3.2479
16.9684,55.5996,True,False,False,1.000,1.000,0.0000,0.0000,0.0014,-8.9510,0.0000,0.000,3.2479
16.9785,55.5996,True,False,False,1.000,1.000,0.0000,0.0000,0.0014,-8.9510,0.0000,0.000,3.2479
16.9880,55.5996,True,False,False,1.000,1.000,0.0000,0.0000,0.0014,-8.9510,0.0000,0.000,3.2479
16.9984,55.5996,True,False,False,1.000,1.000,0.0000,0.0000,0.0014,-8.9510,0.0000,0.000,3.2479
17.0079,55.5996,True,False,False,1.000,1.000,0.0000,0.0000,0.0014,-8.9510,0.0000,0.000,3.2479
17.0180,55.5996,True,False,False,1.000,1.000,0.0000,0.0000,0.0014,-8.9510,0.0000,0.000,3.2479
17.0280,55.5996,True,False,False,1.000,1.000,0.0000,0.0000,0.0014,-8.9510,0.0000,0.000,3.2479
17.0385,55.5996,True,False,False,1.000,1.000,0.0000,0.0000,0.0014,-8.9510,0.0000,0.000,3.2479
17.0481,55.5996,True,False,False,1.000,1.000,0.0000,0.0000,0.0014,-8.9510,0.0000,0.000,3.2479
17.0584,55.5996,True,False,False,1.000,1.000,0.0000,0.0000,0.0014,-8.9510,0.0000,0.000,3.2479
17.0686,55.5996,True,False,False,1.000,1.000,0.0000,0.0000,0.0014,-8.9510,0.0000,0.000,3.2479
17.0790,55.5996,True,False,False,1.000,1.000,0.0000,0.0000,0.0014,-8.9510,0.0000,0.000,3.2479
17.0897,55.5996,True,False,False,1.000,1.000,0.0000,0.0000,0.0014,-8.9510,0.0000,0.000,3.2479
17.1000,55.5996,True,False,False,1.000,1.000,0.0000,0.0000,0.0014,-8.9510,0.0000,0.000,3.2479
17.1105,55.5996,True,False,False,1.000,1.000,0.0000,0.0000,0.0014,-8.9510,0.0000,0.000,3.2479
17.1202,55.5996,True,False,False,1.000,1.000,0.0000,0.0000,0.0014,-8.9510,0.0000,0.000,3.2479
17.1306,55.5996,True,False,False,1.000,1.000,0.0000,0.0000,0.0014,-8.9510,0.0000,0.000,3.2479
17.1401,55.5996,True,False,False,1.000,1.000,0.0000,0.0000,0.0014,-8.9510,0.0000,0.000,3.2479
17.1503,55.5996,True,False,False,1.000,1.000,0.0000,0.0000,0.0014,-8.9510,0.0000,0.000,3.2479
17.1598,55.5996,True,False,False,1.000,1.000,0.0000,0.0000,0.0014,-8.9510,0.0000,0.000,3.2479
17.1693,55.5996,True,False,False,1.000,1.000,0.0000,0.0000,0.0014,-8.9510,0.0000,0.000,3.2479
17.1794,55.5996,True,False,False,1.000,1.000,0.0000,0.0000,0.0014,-8.9510,0.0000,0.000,3.2479
17.1888,55.5996,True,False,False,1.000,1.000,0.0000,0.0000,0.0014,-8.9510,0.0000,0.000,3.2479
17.1990,55.5996,True,False,False,1.000,1.000,0.0000,0.0000,0.0014,-8.9510,0.0000,0.000,3.2479
17.2086,55.5996,True,False,False,1.000,1.000,0.0000,0.0000,0.0014,-8.9510,0.0000,0.000,3.2479
17.2188,55.5996,True,False,False,1.000,1.000,0.0000,0.0000,0.0014,-8.9510,0.0000,0.000,3.2479
17.2283,55.5996,True,False,False,1.000,1.000,0.0000,0.0000,0.0014,-8.9510,0.0000,0.000,3.2479
17.2386,55.5996,True,False,False,1.000,1.000,0.0000,0.0000,0.0014,-8.9510,0.0000,0.000,3.2479
17.2480,55.5996,True,False,False,1.000,1.000,0.0000,0.0000,0.0014,-8.9510,0.0000,0.000,3.2479
17.2585,55.5996,True,False,False,1.000,1.000,0.0000,0.0000,0.0014,-8.9510,0.0000,0.000,3.2479
17.2679,55.5996,True,False,False,1.000,1.000,0.0000,0.0000,0.0014,-8.9510,0.0000,0.000,3.2479
17.2783,55.5996,True,False,False,1.000,1.000,0.0000,0.0000,0.0014,-8.9510,0.0000,0.000,3.2479
17.2879,55.5996,True,False,False,1.000,1.000,0.0000,0.0000,0.0014,-8.9510,0.0000,0.000,3.2479
17.2981,55.5996,True,False,False,1.000,1.000,0.0000,0.0000,0.0014,-8.9510,0.0000,0.000,3.2479
17.3077,55.5996,True,False,False,1.000,1.000,0.0000,0.0000,0.0014,-8.9510,0.0000,0.000,3.2479
17.3181,55.5996,True,False,False,1.000,1.000,0.0000,0.0000,0.0014,-8.9510,0.0000,0.000,3.2479
17.3277,55.5996,True,False,False,1.000,1.000,0.0000,0.0000,0.0014,-8.9510,0.0000,0.000,3.2479
17.3383,55.5996,True,False,False,1.000,1.000,0.0000,0.0000,0.0014,-8.9510,0.0000,0.000,3.2479
17.3478,55.5996,True,False,False,1.000,1.000,0.0000,0.0000,0.0014,-8.9510,0.0000,0.000,3.2479
17.3581,55.5996,True,False,False,1.000,1.000,0.0000,0.0000,0.0014,-8.9510,0.0000,0.000,3.2479
17.3679,55.5996,True,False,False,1.000,1.000,0.0000,0.0000,0.0014,-8.9510,0.0000,0.000,3.2479
17.3775,55.5996,True,False,False,1.000,1.000,0.0000,0.0000,0.0014,-8.9510,0.0000,0.000,3.2479
17.3865,55.5996,True,False,False,1.000,1.000,0.0000,0.0000,0.0014,-8.9510,0.0000,0.000,3.2479
17.3967,55.5996,True,False,False,1.000,1.000,0.0000,0.0000,0.0014,-8.9510,0.0000,0.000,3.2479
17.4061,55.5996,True,False,False,1.000,1.000,0.0000,0.0000,0.0014,-8.9510,0.0000,0.000,3.2479
17.4165,55.5996,True,False,False,1.000,1.000,0.0000,0.0000,0.0014,-8.9510,0.0000,0.000,3.2479
17.4259,55.5996,True,False,False,1.000,1.000,0.0000,0.0000,0.0014,-8.9510,0.0000,0.000,3.2479
17.4360,55.5996,True,False,False,1.000,1.000,0.0000,0.0000,0.0014,-8.9510,0.0000,0.000,3.2479
17.4455,55.5996,True,False,False,1.000,1.000,0.0000,0.0000,0.0014,-8.9510,0.0000,0.000,3.2479
17.4557,55.5996,True,False,False,1.000,1.000,0.0000,0.0000,0.0014,-8.9510,0.0000,0.000,3.2479
17.4660,55.5996,True,False,False,1.000,1.000,0.0000,0.0000,0.0014,-8.9510,0.0000,0.000,3.2479
17.4762,55.5996,True,False,False,1.000,1.000,0.0000,0.0000,0.0014,-8.9510,0.0000,0.000,3.2479
17.4854,55.5996,True,False,False,1.000,1.000,0.0000,0.0000,0.0014,-8.9510,0.0000,0.000,3.2479
17.4958,55.5996,True,False,False,1.000,1.000,0.0000,0.0000,0.0014,-8.9510,0.0000,0.000,3.2479
17.5049,55.5996,True,False,False,1.000,1.000,0.0000,0.0000,0.0014,-8.9510,0.0000,0.000,3.2479
17.5146,55.5996,True,False,False,1.000,1.000,0.0000,0.0000,0.0014,-8.9510,0.0000,0.000,3.2479
17.5241,55.5996,True,False,False,1.000,1.000,0.0000,0.0000,0.0014,-8.9510,0.0000,0.000,3.2479
17.5341,55.5996,True,False,False,1.000,1.000,0.0000,0.0000,0.0014,-8.9510,0.0000,0.000,3.2479
17.5433,55.5996,True,False,False,1.000,1.000,0.0000,0.0000,0.0014,-8.9510,0.0000,0.000,3.2479
17.5537,55.5996,True,False,False,1.000,1.000,0.0000,0.0000,0.0014,-8.9510,0.0000,0.000,3.2479
17.5632,55.5996,True,False,False,1.000,1.000,0.0000,0.0000,0.0014,-8.9510,0.0000,0.000,3.2479
17.5732,55.5996,True,False,False,1.000,1.000,0.0000,0.0000,0.0014,-8.9510,0.0000,0.000,3.2479
17.5827,55.5996,True,False,False,1.000,1.000,0.0000,0.0000,0.0014,-8.9510,0.0000,0.000,3.2479
17.5929,55.5996,True,False,False,1.000,1.000,0.0000,0.0000,0.0014,-8.9510,0.0000,0.000,3.2479
17.6029,55.5996,True,False,False,1.000,1.000,0.0000,0.0000,0.0014,-8.9510,0.0000,0.000,3.2479
17.6134,55.5996,True,False,False,1.000,1.000,0.0000,0.0000,0.0014,-8.9510,0.0000,0.000,3.2479
17.6222,55.5996,True,False,False,1.000,1.000,0.0000,0.0000,0.0014,-8.9510,0.0000,0.000,3.2479
17.6325,55.5996,True,False,False,1.000,1.000,0.0000,0.0000,0.0014,-8.9510,0.0000,0.000,3.2479
17.6414,55.5996,True,False,False,1.000,1.000,0.0000,0.0000,0.0014,-8.9510,0.0000,0.000,3.2479
17.6512,55.5996,True,False,False,1.000,1.000,0.0000,0.0000,0.0014,-8.9510,0.0000,0.000,3.2479
17.6601,55.5996,True,False,False,1.000,1.000,0.0000,0.0000,0.0014,-8.9510,0.0000,0.000,3.2479
17.6700,55.5996,True,False,False,1.000,1.000,0.0000,0.0000,0.0014,-8.9510,0.0000,0.000,3.2479
17.6806,55.5996,True,False,False,1.000,1.000,0.0000,0.0000,0.0014,-8.9510,0.0000,0.000,3.2479
17.6905,55.5996,True,False,False,1.000,1.000,0.0000,0.0000,0.0014,-8.9510,0.0000,0.000,3.2479
17.6994,55.5996,True,False,False,1.000,1.000,0.0000,0.0000,0.0014,-8.9510,0.0000,0.000,3.2479
17.7088,55.5996,True,False,False,1.000,1.000,0.0000,0.0000,0.0014,-8.9510,0.0000,0.000,3.2479
17.7192,55.5996,True,False,False,1.000,1.000,0.0000,0.0000,0.0014,-8.9510,0.0000,0.000,3.2479
17.7286,55.5996,True,False,False,1.000,1.000,0.0000,0.0000,0.0014,-8.9510,0.0000,0.000,3.2479
17.7391,55.5996,True,False,False,1.000,1.000,0.0000,0.0000,0.0014,-8.9510,0.0000,0.000,3.2479
