"scenario","time","phase","step","turnWeight","leftReason","rightReason","leftContact","rightContact","leftAnkleFloor","rightAnkleFloor","leftToeFloor","rightToeFloor","leftFloorCorrection","rightFloorCorrection"
"left-tap","0","2.5812764167785645","False","0","3","3","1","1","0.03501931205391884","0.035023123025894165","0.03107486478984356","0.030334806069731712","0","0"
"left-tap","0.11248540878295898","2.6389613151550293","True","0","1","2","0","1","0.053627628833055496","0.035023123025894165","0.059292521327733994","0.030472135171294212","0","0"
"left-tap","0.15586042404174805","0.04197638854384422","True","1","1","3","0","1","0.0626533105969429","0.035023123025894165","0.06848987191915512","0.026737501844763756","0","0"
"left-tap","0.17043447494506836","0.05607986822724342","True","1","1","3","0","1","0.0672195628285408","0.03501930832862854","0.07330789417028427","0.024936944246292114","0","0"
"left-tap","0.18253087997436523","0.06778635829687119","True","1","1","3","0","1","0.06655579060316086","0.03501931205391884","0.0724266842007637","0.023277530446648598","0","0"
"left-tap","0.19296693801879883","0.07788541913032532","True","1","1","3","0","1","0.06562499701976776","0.035023123025894165","0.07133566588163376","0.02172493003308773","0","0"
"left-tap","0.20558595657348633","0.09009706228971481","True","1","1","3","0","1","0.06380917876958847","0.035023123025894165","0.06927570700645447","0.01984044536948204","0","0"
"left-tap","0.2177577018737793","0.10187689960002899","True","1","1","3","0","1","0.0621345080435276","0.035023123025894165","0.06739885360002518","0.017944518476724625","0","0"
"left-tap","0.2513270378112793","0.13436302542686462","True","1","1","3","0","1","0.057663626968860626","0.035023123025894165","0.06237483397126198","0.01366437692195177","0","0"
"left-tap","0.26332807540893555","0.1459767073392868","True","1","1","3","0","1","0.05653064697980881","0.035023126751184464","0.06106637790799141","0.01271069049835205","0","0"
"left-tap","0.2734999656677246","0.1558210551738739","True","1","1","3","0","1","0.055832549929618835","0.03501931205391884","0.06022713705897331","0.012302514165639877","0","0"
"left-tap","0.2848353385925293","0.16679079830646515","True","1","1","3","0","1","0.05427994951605797","0.035023126751184464","0.0584837980568409","0.012458917684853077","0","0"
"left-tap","0.29495954513549805","0.17658764123916626","True","1","1","3","0","1","0.051972027868032455","0.03501930832862854","0.056038547307252884","0.01307690516114235","0","0"
"left-tap","0.30632543563842773","0.18758699297904968","True","1","1","3","0","1","0.05094967782497406","0.03501930832862854","0.05487123504281044","0.014293809421360493","0","0"
"left-tap","0.3168206214904785","0.197744220495224","True","1","1","3","0","1","0.050900086760520935","0.03501930832862854","0.05467286705970764","0.01590363122522831","0","0"
"left-tap","0.32935667037963867","0.20987525582313538","True","1","2","1","0.17000000178813934","0","0.013725411146879196","0.04322100803256035","0.012722133658826351","0.03184162825345993","0","0.013858726248145103"
"left-tap","0.36418581008911133","0.24358083307743073","True","1","3","1","0.3400000035762787","0","0.005325346253812313","0.0372738242149353","0.0021591088734567165","0.029899926856160164","0","0.022651709616184235"
"left-tap","0.3763108253479004","0.25531548261642456","True","1","3","1","0.5099999904632568","0","0.008606025949120522","0.03544274717569351","0.004539509769529104","0.02901490405201912","0","0.02672204002737999"
"left-tap","0.3880763053894043","0.2667015492916107","True","1","3","1","0.6800000071525574","0","0.016285104677081108","0.035000238567590714","0.011905779130756855","0.02900727465748787","0","0.03164687380194664"
"left-tap","0.39989614486694336","0.278139591217041","True","1","3","1","0.8500000238418579","0","0.027195271104574203","0.035000238567590714","0.02288079634308815","0.029228530824184418","0","0.036491598933935165"
"left-tap","0.4106154441833496","0.28851318359375","True","1","3","1","1","0","0.035023123025894165","0.03499642387032509","0.030941350385546684","0.028675392270088196","0","0.04359465092420578"
"left-tap","0.42286062240600586","0.30036288499832153","True","1","3","1","1","0","0.03501930832862854","0.035000238567590714","0.030933719128370285","0.02870972454547882","0","0.04669603705406189"
"left-tap","0.4338803291320801","0.3110274076461792","True","1","3","1","1","0","0.03501931205391884","0.03499642387032509","0.03095279447734356","0.02852661721408367","0","0.04901158809661865"
"left-tap","0.46819543838500977","0.344235360622406","True","1","3","1","1","0","0.035023126751184464","0.03499642387032509","0.031147345900535583","0.02700835093855858","0","0.05398982763290405"
"left-tap","0.481173038482666","0.3567950129508972","True","1","3","1","1","0","0.035023123025894165","0.035000238567590714","0.03128848969936371","0.02606610767543316","0","0.055660687386989594"
"left-tap","0.49210596084594727","0.36737513542175293","True","1","3","1","1","0","0.03501931205391884","0.035000238567590714","0.03147159889340401","0.02514675445854664","0","0.05717132240533829"
"left-tap","0.5042357444763184","0.3791138529777527","True","1","3","1","1","0","0.035023126751184464","0.035000238567590714","0.03178822249174118","0.024025220423936844","0","0.05909013748168945"
"left-tap","0.515261173248291","0.3897833228111267","True","1","3","1","1","0","0.035023126751184464","0.035000238567590714","0.032165881246328354","0.023021942004561424","0","0.06109669432044029"
"left-tap","0.5267529487609863","0.40090471506118774","True","1","3","1","1","0","0.03501930832862854","0.03499642387032509","0.032688502222299576","0.022079700604081154","0","0.0635266900062561"
"left-tap","0.5363926887512207","0.41023266315460205","True","1","3","1","1","0","0.035023123025894165","0.03499642387032509","0.03323019668459892","0.02120230905711651","0","0.06618556380271912"
"left-tap","0.5690474510192871","0.4418339729309082","True","1","3","1","1","0","0.03501930832862854","0.035000238567590714","0.035683076828718185","0.018459508195519447","0","0.07651206851005554"
"left-tap","0.5827689170837402","0.45511284470558167","True","1","3","1","1","0","0.03501931205391884","0.03499642387032509","0.036961015313863754","0.017677485942840576","0","0.08066251873970032"
"left-tap","0.5942749977111816","0.46624788641929626","True","1","3","1","1","0","0.03501931205391884","0.035000238567590714","0.0381435826420784","0.01726549305021763","0","0.0838668942451477"
"left-tap","0.6053767204284668","0.4769916534423828","True","1","3","1","1","0","0.035023123025894165","0.035000238567590714","0.03936811909079552","0.01697557419538498","0","0.08673176914453506"
"left-tap","0.614922046661377","0.4862293303012848","True","1","3","1","1","0","0.035023123025894165","0.035000238567590714","0.04046294838190079","0.016773391515016556","0","0.08905494958162308"
"left-tap","0.6261134147644043","0.4970592260360718","True","1","3","1","1","0","0.035023126751184464","0.035000238567590714","0.041794296354055405","0.01673905923962593","0","0.09148112684488297"
"left-tap","0.6358304023742676","0.5064626932144165","True","1","3","1","1","0","0.03501930832862854","0.03499642387032509","0.043003566563129425","0.01680009625852108","0","0.093441903591156"
"left-tap","0.6468844413757324","0.5171604156494141","True","1","3","1","1","0","0.03501931205391884","0.035000238567590714","0.04446461424231529","0.016750503331422806","0","0.09578034281730652"
"left-tap","0.6783499717712402","0.5476113557815552","True","1","3","1","1","0","0.03501930832862854","0.035000238567590714","0.04936655983328819","0.016266031190752983","0","0.10308557748794556"
"left-tap","0.691612720489502","0.5604457259178162","True","1","3","1","1","0","0.03501930832862854","0.035000238567590714","0.05164014548063278","0.016090553253889084","0","0.10593900084495544"
"left-tap","0.702761173248291","0.5712347030639648","True","1","3","1","1","0","0.03501931205391884","0.03499642387032509","0.053650517016649246","0.015892187133431435","0","0.10848343372344971"
"left-tap","0.712618350982666","0.5807737112045288","True","1","3","1","1","0","0.03501930832862854","0.03499642387032509","0.05543200299143791","0.01567474566400051","0","0.11082950234413147"
"left-tap","0.7234978675842285","0.5913024544715881","True","1","3","1","1","0","0.03501930832862854","0.035000238567590714","0.05738133564591408","0.015396269969642162","0","0.11353415250778198"
"left-tap","0.7342219352722168","0.6016809940338135","True","1","3","1","1","0","0.03501931205391884","0.035000238567590714","0.05918952450156212","0.015045314095914364","0","0.11660884320735931"
"left-tap","0.7454276084899902","0.6125252842903137","True","1","3","1","1","0","0.03501930832862854","0.035000238567590714","0.06079934537410736","0.014553211629390717","0","0.1206372082233429"
"left-tap","0.7551007270812988","0.6218862533569336","True","1","3","1","1","0","0.03501931205391884","0.03499642387032509","0.06180262565612793","0.014042036607861519","0","0.12461598217487335"
"left-tap","0.7877297401428223","0.653462290763855","True","1","3","1","1","0","0.03501931205391884","0.035000238567590714","0.06127237528562546","0.012069813907146454","0","0.1402755081653595"
"left-tap","0.7993693351745605","0.6647260189056396","True","1","3","1","1","0","0.03501931205391884","0.03499642387032509","0.059738848358392715","0.011322123929858208","0","0.1464744657278061"
"left-tap","0.8095307350158691","0.6745604276657104","True","1","3","1","1","0","0.03501930832862854","0.03499642387032509","0.058052729815244675","0.01069650612771511","0","0.1517617106437683"
"left-tap","0.8210501670837402","0.6857075691223145","True","1","3","1","1","0","0.03501931205391884","0.035000238567590714","0.05586688220500946","0.01004799921065569","0","0.15749907493591309"
"left-tap","0.8311905860900879","0.6955210566520691","True","1","3","1","1","0","0.035023123025894165","0.03499642387032509","0.05373062565922737","0.009574972093105316","0","0.16234761476516724"
"left-tap","0.8421072959899902","0.7060854434967041","True","1","3","1","1","0","0.03501931205391884","0.03499642387032509","0.051327336579561234","0.009258348494768143","0","0.1670283079147339"
"left-tap","0.852449893951416","0.7160946130752563","True","1","3","1","1","0","0.03501930832862854","0.03499642387032509","0.04905756562948227","0.009033278562128544","0","0.17077438533306122"
"left-tap","0.8646550178527832","0.7279061675071716","True","1","3","1","1","0","0.03501931205391884","0.035000238567590714","0.04645972698926926","0.00879676453769207","0","0.1746959388256073"
"left-tap","0.900083065032959","0.7621917128562927","True","1","3","1","1","0","0.03501930832862854","0.035000238567590714","0.04025695100426674","0.008121554739773273","0","0.18244367837905884"
"left-tap","0.913210391998291","0.7748953700065613","True","1","3","1","1","0","0.03501931205391884","0.03499642387032509","0.0384029857814312","0.007957519963383675","0","0.18356521427631378"
"left-tap","0.9251275062561035","0.7864275574684143","True","1","3","1","1","0","0.03501930832862854","0.035000238567590714","0.036861829459667206","0.007846892811357975","0","0.18406876921653748"
"left-tap","0.9364428520202637","0.7973785996437073","True","1","3","1","1","0","0.03501931205391884","0.035000238567590714","0.03548852354288101","0.007721005938947201","0","0.18448838591575623"
"left-tap","0.9520764350891113","0.8125073909759521","True","1","3","1","1","0","0.03501930832862854","0.03499642387032509","0.033668890595436096","0.007553158327937126","0","0.1847744882106781"
"left-tap","0.9674534797668457","0.827388346195221","True","1","3","1","1","0","0.03501930832862854","0.035000238567590714","0.031921736896038055","0.007423456758260727","0","0.1845761239528656"
"left-tap","1.00169038772583","0.8605214357376099","True","1","3","1","1","0","0.03501931205391884","0.035000238567590714","0.028171846643090248","0.007469233591109514","0","0.18061260879039764"
"left-tap","1.013974666595459","0.8724086880683899","True","1","3","1","1","0","0.035023123025894165","0.03499642387032509","0.02702360786497593","0.007568417116999626","0","0.17841912806034088"
"left-tap","1.024946689605713","0.8830274343490601","True","1","3","1","1","0","0.03501930832862854","0.035000238567590714","0.02619580738246441","0.007698117755353451","0","0.17612265050411224"
"left-tap","1.0349469184875488","0.8927046656608582","True","1","3","1","1","0","0.035023126751184464","0.03499642387032509","0.025650300085544586","0.00785833690315485","0","0.17372699081897736"
"left-tap","1.0473074913024902","0.9046664237976074","True","1","3","1","1","0","0.03501930832862854","0.035000234842300415","0.025333676487207413","0.008129184134304523","0","0.17027083039283752"
"left-tap","1.0584101676940918","0.9154107570648193","True","1","3","1","1","0","0.035023123025894165","0.035000234842300415","0.025474822148680687","0.008434363640844822","0","0.16670022904872894"
"left-tap","1.070420742034912","0.9270344972610474","True","1","3","1","1","0","0.035023126751184464","0.035000238567590714","0.026016514748334885","0.008838726207613945","0","0.162370502948761"
"left-tap","1.1108384132385254","0.966148316860199","True","1","3","1","1","0","0.03501930832862854","0.035000238567590714","0.029224714264273643","0.01076898630708456","0","0.14305265247821808"
"left-tap","1.1246743202209473","0.9795377254486084","True","1","3","1","1","0","0.035023126751184464","0.03499642014503479","0.030224177986383438","0.011322123929858208","0","0.1369338035583496"
"left-tap","1.137448787689209","0.9919005036354065","True","1","3","1","1","0","0.03501930832862854","0.03499642387032509","0.03095279261469841","0.011821855790913105","0","0.13169996440410614"
"left-tap","1.1489109992980957","1.0029923915863037","True","1","3","1","1","0","0.035023126751184464","0.035000238567590714","0.031269416213035583","0.012207143940031528","0","0.12706123292446136"
"left-tap","1.1609950065612793","1.0091896057128906","False","0","3","1","1","0","0.03501930832862854","-0.08613694459199905","0.031254157423973083","-0.08260449022054672","0","0"
"left-tap","1.1732382774353027","1.015467882156372","False","0","3","3","1","0.030606752261519432","0.03501930832862854","-0.07767584174871445","0.03123508393764496","-0.07602787017822266","0","0"
"left-tap","1.2097077369689941","1.034170150756836","False","0","3","3","1","0.12178048491477966","0.03501930832862854","-0.07031720131635666","0.031185492873191833","-0.07819846272468567","0","0"
"left-tap","1.2247138023376465","1.0418654680252075","False","0","3","3","1","0.1592952311038971","0.03501930832862854","-0.06560980528593063","0.03116641938686371","-0.0756235122680664","0","0"
"left-tap","1.2366595268249512","1.0479916334152222","False","0","3","3","1","0.18916024267673492","0.03501930832862854","-0.0619095079600811","0.031154975295066833","-0.07326599955558777","0","0"
"left-tap","1.2501378059387207","1.054903507232666","False","0","3","3","1","0.22285573184490204","0.03501930832862854","-0.05789639800786972","0.03114353120326996","-0.07051556557416916","0","0"
"left-tap","1.265916347503662","1.0629953145980835","False","0","3","3","1","0.2623032331466675","0.03501931205391884","-0.053333964198827744","0.03112827241420746","-0.06711281836032867","0","0"
"left-tap","1.279893398284912","1.0701626539230347","False","0","3","3","1","0.29724422097206116","0.035023126751184464","-0.04939333349466324","0.03112064115703106","-0.06395039707422256","0","0"
"left-tap","1.3231720924377441","0.6644441485404968","False","0","3","3","1","0.405442476272583","0.035023126751184464","-0.038132213056087494","0.031132087111473083","-0.053955767303705215","0","0"
"left-tap","1.3438925743103027","0.6750701069831848","False","0","3","3","1","0.45724397897720337","0.03501931205391884","-0.03285260498523712","0.03114353120326996","-0.04875245690345764","0","0"
"left-tap","1.358543872833252","0.6825833916664124","False","0","3","3","1","0.49387121200561523","0.03501930832862854","-0.029163749888539314","0.03115878999233246","-0.04501400887966156","0","0"
"left-tap","1.3726344108581543","0.6898091435432434","False","0","3","3","1","0.5290967226028442","0.03501930832862854","-0.02537570893764496","0.031170234084129333","-0.041088636964559555","0","0"
"left-tap","1.3855900764465332","0.6964532732963562","False","0","3","3","1","0.5614867210388184","0.03501931205391884","-0.021827997639775276","0.031177863478660583","-0.037319671362638474","0","0"
"left-tap","1.4188952445983887","0.7135326266288757","False","0","3","3","1","0.6447486877441406","0.03501930832862854","-0.012401766143739223","0.031200751662254333","-0.0269931610673666","0","0"
"left-180","0","1.384163498878479","False","0","3","3","1","1","0.035023123025894165","0.03501167893409729","0.031246529892086983","0.02973589114844799","0","0"
"left-180","0.03816032409667969","1.4037327766418457","True","0","1","1","0","0","0.046825941652059555","0.035000238567590714","0.05342163145542145","0.016445323824882507","0","0.08924569189548492"
"left-180","0.052239418029785156","1.4109529256820679","True","0","1","1","0","0","0.05037365108728409","0.03499642387032509","0.05706852674484253","0.017025165259838104","0","0.08608326315879822"
"left-180","0.06531715393066406","1.4176595211029053","True","0","1","1","0","0","0.053856514394283295","0.035000238567590714","0.06050179526209831","0.017524896189570427","0","0.08251266181468964"
"left-180","0.07781028747558594","1.424066185951233","True","0","1","1","0","0","0.05607287958264351","0.03499642387032509","0.06249690800905228","0.0178644098341465","0","0.07765649259090424"
"left-180","0.08926105499267578","1.4299386739730835","True","0","2","1","0.17000000178813934","0","0.01387418620288372","0.035000238567590714","0.013710152357816696","0.018074220046401024","0","0.07357853651046753"
"left-180","0.1017608642578125","1.4363486766815186","True","0","3","1","0.3400000035762787","0","0.004417437128722668","0.03555337339639664","0.0012130525428801775","0.018158143386244774","0","0.06925643235445023"
"left-180","0.1423320770263672","0.10081151127815247","True","1","3","1","0.5099999904632568","0","0.008655617013573647","0.04116104915738106","0.006053962279111147","0.022110218182206154","0","0.057400207966566086"
"left-180","0.15865039825439453","0.11660359799861908","True","1","3","1","0.6800000071525574","0","0.016346139833331108","0.04344607889652252","0.013023498468101025","0.023880260065197945","0","0.05084647983312607"
"left-180","0.17118549346923828","0.1287340521812439","True","1","3","1","0.8500000238418579","0","0.027626337483525276","0.045464079827070236","0.024109143763780594","0.02518490143120289","0","0.045749980956315994"
"left-180","0.1845874786376953","0.14170411229133606","True","1","3","1","1","0","0.03501930832862854","0.047237932682037354","0.03133426606655121","0.02655057981610298","0","0.04000497981905937"
"left-180","0.19735145568847656","0.15405569970607758","True","1","3","1","1","0","0.03501930832862854","0.04816872999072075","0.03131900727748871","0.0278742965310812","0","0.0339776836335659"
"left-180","0.209625244140625","0.16593405604362488","True","1","3","1","1","0","0.035023126751184464","0.04940852150321007","0.031292304396629333","0.02904542163014412","0","0.02866756170988083"
"left-180","0.25492382049560547","0.2097715139389038","True","1","3","1","1","0","0.03501930832862854","0.05091153085231781","0.031177861616015434","0.030414914712309837","0","0.022117646411061287"
"left-180","0.2716255187988281","0.22593405842781067","True","1","3","1","1","0","0.035023123025894165","0.047943662852048874","0.031124455854296684","0.02892335131764412","0","0.029621247202157974"
"left-180","0.2865772247314453","0.2404039353132248","True","1","3","1","1","0","0.035023123025894165","0.042557243257761","0.031078679487109184","0.027534784749150276","0","0.03527088090777397"
"left-180","0.3001213073730469","0.2535112202167511","True","1","3","1","1","0","0.035023123025894165","0.03859372437000275","0.031032903119921684","0.026714613661170006","0","0.038574449717998505"
"left-180","0.31251049041748047","0.2654999792575836","True","1","3","1","1","0","0.035023123025894165","0.035000234842300415","0.030994754284620285","0.026699354872107506","0","0.04122188314795494"
"left-180","0.3577699661254883","0.30929940938949585","True","1","3","1","1","0","0.03501930832862854","0.035000238567590714","0.030948977917432785","0.030128810554742813","0","0.051411062479019165"
"left-180","0.3735065460205078","0.3245289623737335","True","1","3","1","1","0","0.03501930832862854","0.03499642387032509","0.03100619837641716","0.030399655923247337","0","0.052597448229789734"
"left-180","0.3870563507080078","0.33764177560806274","True","1","3","1","1","0","0.035023123025894165","0.035000238567590714","0.031093938276171684","0.03054080158472061","0","0.05308191850781441"
"left-180","0.4043874740600586","0.35441362857818604","True","1","3","1","1","0","0.035023123025894165","0.035000238567590714","0.031261786818504333","0.030372953042387962","0","0.05389446020126343"
"left-180","0.42328739166259766","0.37270402908325195","True","1","3","1","1","0","0.035023123025894165","0.035000238567590714","0.03160511329770088","0.029693929478526115","0","0.05497021973133087"
"left-180","0.46556949615478516","0.4136216938495636","True","1","3","1","1","0","0.03501930832862854","0.035000238567590714","0.0334552638232708","0.026199623942375183","0","0.061703238636255264"
"left-180","0.4805173873901367","0.42808806896209717","True","1","3","1","1","0","0.03501930832862854","0.03499642014503479","0.03451576456427574","0.02481868676841259","0","0.06643351912498474"
"left-180","0.4924325942993164","0.43961861729621887","True","1","3","1","1","0","0.035023126751184464","0.03499642387032509","0.03549233824014664","0.023880258202552795","0","0.0694814994931221"
"left-180","0.504450798034668","0.4512488543987274","True","1","3","1","1","0","0.035023123025894165","0.035000234842300415","0.03657953813672066","0.02317071706056595","0","0.07246463000774384"
"left-180","0.5170917510986328","0.4634818732738495","True","1","3","1","1","0","0.035023123025894165","0.035000234842300415","0.03784603625535965","0.022571802139282227","0","0.07616493105888367"
"left-180","0.5281744003295898","0.47420746088027954","True","1","3","1","1","0","0.03501931205391884","0.03499642014503479","0.03904768079519272","0.022304769605398178","0","0.0783851146697998"
"left-180","0.5606250762939453","0.5056113600730896","True","1","3","1","1","0","0.035023123025894165","0.035000234842300415","0.042896755039691925","0.022041553631424904","0","0.085194431245327"
"left-180","0.5736255645751953","0.5181921124458313","True","1","1","2","0","0.17000000178813934","0.037964291870594025","-0.05863264203071594","0.04891260340809822","-0.061436478048563004","0","0"
"left-180","0.5849437713623047","0.5291457772254944","True","1","1","3","0","0.3400000035762787","0.04348422586917877","-0.04607069492340088","0.055794402956962585","-0.053288187831640244","0","0"
"left-180","0.5963478088378906","0.5401813387870789","True","1","1","3","0","0.5099999904632568","0.04941996559500694","-0.026646018028259277","0.063462033867836","-0.03545044735074043","0","0"
"left-180","0.6073331832885742","0.550812840461731","True","1","1","3","0","0.6800000071525574","0.05540911480784416","-0.005600078497081995","0.07122885435819626","-0.014751648530364037","0","0"
"left-180","0.618861198425293","0.5619686841964722","True","1","1","3","0","0.8500000238418579","0.06121515482664108","0.01895923912525177","0.07956407219171524","0.011417491361498833","0","0"
"left-180","0.6302528381347656","0.572993278503418","True","1","1","3","0","1","0.06706315279006958","0.035023126751184464","0.08794505894184113","0.029415452852845192","0","0"
"left-180","0.6641731262207031","0.6058189868927002","True","1","1","3","0","1","0.08321478217840195","0.035023123025894165","0.11178339272737503","0.029335342347621918","0","0"
"left-180","0.6783380508422852","0.6195271611213684","True","1","1","3","0","1","0.09008131921291351","0.035023123025894165","0.12113714218139648","0.02924378775060177","0","0"
"left-180","0.6902303695678711","0.6310356259346008","True","1","1","3","0","1","0.09648627042770386","0.035023126751184464","0.12887345254421234","0.029163679108023643","0","0"
"left-180","0.7016696929931641","0.6421059966087341","True","1","1","3","0","1","0.10294082015752792","0.03501931205391884","0.1360909342765808","0.02909119799733162","0","0"
"left-180","0.7128877639770508","0.6529619097709656","True","1","1","3","0","1","0.10881933569908142","0.03501930832862854","0.14221741259098053","0.029026348143815994","0","0"
"left-180","0.7233190536499023","0.6630570888519287","True","1","1","3","0","1","0.11499921977519989","0.035023126751184464","0.18311147391796112","0.028980571776628494","0","0"
"left-180","0.7350397109985352","0.6743991374969482","True","1","1","3","0","1","0.12078619003295898","0.03501930832862854","0.18704065680503845","0.02895386703312397","0","0"
"left-180","0.7661905288696289","0.704545259475708","True","1","1","3","0","1","0.1360146403312683","0.035023126751184464","0.19272080063819885","0.028980569913983345","0","0"
"left-180","0.7826709747314453","0.7204939126968384","True","1","1","3","0","1","0.14234329760074615","0.03501930832862854","0.19644780457019806","0.029011087492108345","0","0"
"left-180","0.7973146438598633","0.7346659302711487","True","1","1","3","0","1","0.1460626721382141","0.03501931205391884","0.20036937296390533","0.029041606932878494","0","0"
"left-180","0.8080959320068359","0.7450990676879883","True","1","1","3","0","1","0.14835914969444275","0.03501930832862854","0.19821785390377045","0.029056865721940994","0","0"
"left-180","0.8200044631958008","0.7566239237785339","True","1","1","3","0","1","0.150384783744812","0.035023123025894165","0.1996293067932129","0.02907593920826912","0","0"
"left-180","0.8307342529296875","0.7670068144798279","True","1","1","3","0","1","0.1511477380990982","0.035023126751184464","0.19352953135967255","0.029102643951773643","0","0"
"left-180","0.842534065246582","0.7784259915351868","True","1","1","3","0","1","0.1512545496225357","0.035023126751184464","0.18513327836990356","0.029133159667253494","0","0"
"left-180","0.8752889633178711","0.810124397277832","True","1","1","3","0","1","0.14822563529014587","0.03501930832862854","0.17456263303756714","0.029194196686148643","0","0"
"left-180","0.8877201080322266","0.8221544027328491","True","1","1","3","0","1","0.14556294679641724","0.03501930832862854","0.16036033630371094","0.029209455475211143","0","0"
"left-180","0.9002914428710938","0.8343203663825989","True","1","1","3","0","1","0.14211823046207428","0.03501930832862854","0.1554812788963318","0.029217084869742393","0","0"
"left-180","0.9121189117431641","0.8457667231559753","True","1","1","3","0","1","0.13820049166679382","0.035023123025894165","0.15034282207489014","0.02921327017247677","0","0"
"left-180","0.9255399703979492","0.8587542176246643","True","1","1","3","0","1","0.1325470358133316","0.035023123025894165","0.14320161938667297","0.029209455475211143","0","0"
"left-180","0.9389371871948242","0.8717197179794312","True","1","1","3","0","1","0.12687452137470245","0.03501930832862854","0.1361214518547058","0.02919801138341427","0","0"
"left-180","0.9510774612426758","0.8834680318832397","True","1","1","3","0","1","0.12091588973999023","0.03501930832862854","0.12900696694850922","0.029186567291617393","0","0"
"left-180","0.9862918853759766","0.9175466895103455","True","1","1","3","0","1","0.10219694674015045","0.035023123025894165","0.10894522815942764","0.02918275259435177","0","0"
"left-180","1.0008735656738281","0.9316577911376953","True","1","1","3","0","1","0.09438816457986832","0.03501930832862854","0.10168958455324173","0.029186567291617393","0","0"
"left-180","1.0124883651733398","0.9428979158401489","True","1","1","3","0","1","0.08754070103168488","0.035023123025894165","0.09544485062360764","0.029194196686148643","0","0"
"left-180","1.0248346328735352","0.9548460245132446","True","1","1","3","0","1","0.08012865483760834","0.03501930832862854","0.08886441588401794","0.029201826080679893","0","0"
"left-180","1.037435531616211","0.9670402407646179","True","1","1","3","0","1","0.07404032349586487","0.035023123025894165","0.0835275873541832","0.029209455475211143","0","0"
"left-180","1.0489540100097656","0.9781876802444458","True","1","1","3","0","1","0.06886371225118637","0.03501931205391884","0.07891175150871277","0.02925904653966427","0","0"
"left-180","1.0623064041137695","0.9911094307899475","True","1","1","3","0","1","0.06427839398384094","0.03501930832862854","0.07491389662027359","0.029369674623012543","0","0"
"left-180","1.0992345809936523","1.0268466472625732","True","1","1","3","0","1","0.058689795434474945","0.03501930832862854","0.06878741830587387","0.027332602068781853","0","0"
"left-180","1.1128301620483398","1.038100242614746","False","0.6825510859489441","1","3","0","1","0.05646579712629318","0.03501930832862854","0.06637649983167648","0.027256306260824203","0","0"
"left-180","1.1259279251098633","1.0484747886657715","False","0.5240688920021057","1","3","0","1","0.05672520026564598","0.035023123025894165","0.0666092038154602","0.027180012315511703","0","0"
"left-180","1.1393795013427734","1.0586743354797363","False","0.38327091932296753","1","1","0","0","0.055073417723178864","0.035000234842300415","0.06484679132699966","0.029400192201137543","0","0.043590836226940155"
"left-180","1.152191162109375","1.0680145025253296","False","0.26913511753082275","1","1","0","0","0.05356277897953987","0.03499642014503479","0.06327129900455475","0.029472673311829567","0","0.04288510978221893"
"left-180","1.1674022674560547","1.0786370038986206","False","0.15747205913066864","1","1","0","0","0.05221235752105713","0.03499642014503479","0.06187129020690918","0.029308637604117393","0","0.04279737174510956"
"left-180","1.205495834350586","0.4316846430301666","False","0","1","1","0","0","0.05019054561853409","0.03499642014503479","0.059746477752923965","0.02913697622716427","0","0.043720539659261703"
"left-180","1.2263288497924805","0.4423683285713196","False","0","2","1","0.17000000178813934","0","0.009780967608094215","-0.010620281100273132","0.012134663760662079","-0.0035706355702131987","0","0"
"left-180","1.2452869415283203","0.45209044218063354","False","0","3","1","0.3400000035762787","0","0.0011939795222133398","-0.013099865056574345","0.00019451702246442437","-0.006107439752668142","0","0"
"left-180","1.260951042175293","0.4601234197616577","False","0","3","1","0.5099999904632568","0","0.00481035653501749","-0.015285712666809559","0.001995075959712267","-0.008316176012158394","0","0"
"left-180","1.2729825973510742","0.46629342436790466","False","0","3","1","0.6800000071525574","0","0.013534674420952797","-0.0168306827545166","0.009819114580750465","-0.009964145720005035","0","0"
"left-180","1.3095521926879883","0.4850466549396515","False","0","3","3","0.7714220285415649","0.09142199158668518","0.018474766984581947","-0.016365285962820053","0.014499804936349392","-0.012977792881429195","0","0"
"left-180","1.3237886428833008","0.49234768748283386","False","0","3","3","0.807014524936676","0.12701448798179626","0.020565247163176537","-0.030361579731106758","0.016437694430351257","-0.033283673226833344","0","0"
"left-180","1.3378419876098633","0.4995546042919159","False","0","3","3","0.8421483039855957","0.16214823722839355","0.024227401241660118","-0.031254228204488754","0.02006933093070984","-0.03620195388793945","0","0"
"left-180","1.3515253067016602","0.506571352481842","False","0","3","3","0.8763548135757446","0.19635474681854248","0.028412174433469772","-0.0313686728477478","0.024307509884238243","-0.03796817734837532","0","0"
"left-180","1.366286277770996","0.5141410827636719","False","0","3","3","0.9132573008537292","0.2332572340965271","0.03219258412718773","-0.03098338283598423","0.028183290734887123","-0.03907826915383339","0","0"
"left-180","1.3795318603515625","0.5209340453147888","False","0","3","3","0.9463730454444885","0.2663729786872864","0.03422965854406357","-0.030174657702445984","0.030285213142633438","-0.03939107805490494","0","0"
"left-180","1.4136323928833008","0.5384215116500854","False","0","3","3","1","0.3516242504119873","0.035007867962121964","-0.028389357030391693","0.031071050092577934","-0.03975347802042961","0","0"
"left-180","1.4298248291015625","0.5467252731323242","False","0","3","3","1","0.39210498332977295","0.035007867962121964","-0.02588306926190853","0.031063422560691833","-0.037834662944078445","0","0"
"left-180","1.4429006576538086","0.5534307360649109","False","0","3","3","1","0.4247942268848419","0.035007864236831665","-0.023464523255825043","0.031063420698046684","-0.03574799746274948","0","0"
"left-180","1.4552030563354492","0.5597395896911621","False","0","3","3","1","0.455549955368042","0.03501168265938759","-0.02104979008436203","0.031063420698046684","-0.03355070576071739","0","0"
"left-180","1.466843605041504","0.5657091736793518","False","0","3","3","1","0.48465171456336975","0.035007864236831665","-0.01873042620718479","0.03105960600078106","-0.03134959936141968","0","0"
"left-180","1.478790283203125","0.5718357563018799","False","0","3","3","1","0.5145187377929688","0.035007867962121964","-0.01625465787947178","0.031063420698046684","-0.028927236795425415","0","0"
"left-180","1.489236831665039","0.5771927237510681","False","0","3","3","1","0.5406339764595032","0.03500405326485634","-0.01400395855307579","0.03105960786342621","-0.0266727227717638","0","0"
"left-180","1.5226593017578125","0.5943324565887451","False","0","3","3","1","0.6241902112960815","0.035007867962121964","-0.006340139079838991","0.03107486478984356","-0.018680835142731667","0","0"
"left-180","1.5358800888061523","0.6011125445365906","False","0","3","3","1","0.6572431921958923","0.035007864236831665","-0.0031281253322958946","0.031078679487109184","-0.015209417790174484","0","0"
"left-180","1.5458927154541016","0.6062471270561218","False","0","3","3","1","0.6822742223739624","0.035007867962121964","-0.0006294683553278446","0.031078681349754333","-0.012466617859899998","0","0"
"left-180","1.5571298599243164","0.612009584903717","False","0","3","3","1","0.7103661894798279","0.03501167893409729","0.0022468483075499535","0.03108249418437481","-0.009273677133023739","0","0"
"left-180","1.568434715270996","0.6178070306777954","False","0","3","3","1","0.7386286854743958","0.035007867962121964","0.005199459847062826","0.031086310744285583","-0.005951035767793655","0","0"
"left-180","1.5802202224731445","0.6238508820533752","False","0","3","3","1","0.7680923938751221","0.035007864236831665","0.008342808112502098","0.03109012544155121","-0.002372806193307042","0","0"
"left-180","1.590458869934082","0.6291013360023499","False","0","3","3","1","0.7936884164810181","0.035007864236831665","0.011131386272609234","0.031093940138816833","0.000839207845274359","0","0"
"left-180","1.62335205078125","0.6459700465202332","False","0","3","3","1","0.8759233951568604","0.03501168265938759","0.025013238191604614","0.03110538423061371","0.017299825325608253","0","0"
"left-180","1.6363191604614258","0.6526196002960205","False","0","3","3","1","0.9083398580551147","0.035007867962121964","0.030193660408258438","0.03111301176249981","0.023620856925845146","0","0"
"left-180","1.6464643478393555","0.6578221917152405","False","0","3","3","1","0.9337023496627808","0.035007867962121964","0.032963164150714874","0.03111301176249981","0.027027422562241554","0","0"
"left-180","1.6575584411621094","0.6635113954544067","False","0","3","3","1","0.9614373445510864","0.035007864236831665","0.03456917032599449","0.03112064301967621","0.029011087492108345","0","0"
"left-180","1.6680335998535156","0.6688836812973022","False","0","3","3","1","0.9876270890235901","0.035007864236831665","0.03500404953956604","0.031124457716941833","0.029548967257142067","0","0"
"left-180","1.6793832778930664","0.6747040748596191","False","0","3","3","1","1","0.035007864236831665","0.035023126751184464","0.031132087111473083","0.029571855440735817","0","0"
"left-180","1.6900625228881836","0.6801803112030029","False","0","3","3","1","1","0.035007867962121964","0.035023123025894165","0.03114353120326996","0.029568040743470192","0","0"
"left-180","1.701629638671875","0.6861124038696289","False","0","3","3","1","1","0.03501167893409729","0.035023123025894165","0.031154975295066833","0.029571855440735817","0","0"
"left-180","1.733804702758789","0.7026122808456421","False","0","3","3","1","1","0.035007867962121964","0.035023126751184464","0.03117404878139496","0.029571855440735817","0","0"
"left-180","1.7454633712768555","0.7085912823677063","False","0","3","3","1","1","0.03500404953956604","0.035023123025894165","0.031177863478660583","0.029571855440735817","0","0"
"left-180","1.7568912506103516","0.7144514322280884","False","0","3","3","1","1","0.035007864236831665","0.03501930832862854","0.031185492873191833","0.029568040743470192","0","0"
"left-180","1.7671384811401367","0.7197065353393555","False","0","3","3","1","1","0.035007867962121964","0.035023126751184464","0.031193122267723083","0.029568040743470192","0","0"
"left-180","1.7783927917480469","0.725477933883667","False","0","3","3","1","1","0.035007867962121964","0.035023123025894165","0.031200751662254333","0.029568040743470192","0","0"
"left-180","1.7887887954711914","0.7308092713356018","False","0","3","3","1","1","0.035007867962121964","0.035023123025894165","0.03120456635951996","0.029568040743470192","0","0"
"left-180","1.8000421524047852","0.7365804314613342","False","0","3","3","1","1","0.035007867962121964","0.03501930832862854","0.03121219575405121","0.029564226046204567","0","0"
"left-180","1.8100814819335938","0.7417287826538086","False","0","3","3","1","1","0.035007867962121964","0.03501930832862854","0.031219827011227608","0.029556596651673317","0","0"
"left-180","1.8428020477294922","0.7585083246231079","False","0","3","3","1","1","0.035007864236831665","0.035023123025894165","0.031235085800290108","0.029556596651673317","0","0"
"left-180","1.8556194305419922","0.7650815844535828","False","0","3","3","1","1","0.03501167893409729","0.035023126751184464","0.03124271333217621","0.029552781954407692","0","0"
"left-180","1.8661212921142578","0.7704670429229736","False","0","3","3","1","1","0.035007864236831665","0.03501930832862854","0.03125034272670746","0.029552781954407692","0","0"
"left-180","1.8780784606933594","0.7765989303588867","False","0","3","3","1","1","0.035007867962121964","0.035023123025894165","0.031254157423973083","0.029552781954407692","0","0"
"left-180","1.8881597518920898","0.7817689776420593","False","0","3","3","1","1","0.035007864236831665","0.035023123025894165","0.03126560151576996","0.029552781954407692","0","0"
"left-180","1.8994922637939453","0.787580132484436","False","0","3","3","1","1","0.035007864236831665","0.035023123025894165","0.03127323091030121","0.029552781954407692","0","0"
"left-180","1.9097089767456055","0.7928197979927063","False","0","3","3","1","1","0.03501167893409729","0.03501931205391884","0.031277045607566833","0.029548967257142067","0","0"
"left-180","1.9208745956420898","0.798545777797699","False","0","3","3","1","1","0.035007864236831665","0.035023126751184464","0.031284675002098083","0.029548967257142067","0","0"
"left-180","1.9534273147583008","0.8152390718460083","False","0","3","3","1","1","0.035007867962121964","0.035023126751184464","0.03129611909389496","0.029541337862610817","0","0"
"left-180","1.9657468795776367","0.8215567469596863","False","0","3","3","1","1","0.035007867962121964","0.03501930832862854","0.031299933791160583","0.029541337862610817","0","0"
"left-180","1.979726791381836","0.828726053237915","False","0","3","3","1","1","0.035007864236831665","0.03501930832862854","0.03130374848842621","0.029537523165345192","0","0"
"left-180","1.990743637084961","0.8343756198883057","False","0","3","3","1","1","0.035007864236831665","0.035023126751184464","0.03131137788295746","0.029533708468079567","0","0"
"left-180","2.002509117126465","0.8404092788696289","False","0","3","3","1","1","0.035007864236831665","0.035023126751184464","0.031315192580223083","0.029529893770813942","0","0"
"left-180","2.013700485229492","0.8461483716964722","False","0","3","3","1","1","0.035007864236831665","0.035023123025894165","0.031315192580223083","0.029518449679017067","0","0"
"left-180","2.023967742919922","0.8514136672019958","False","0","3","3","1","1","0.03501168265938759","0.03501931205391884","0.031315192580223083","0.029514634981751442","0","0"
"left-180","2.0565977096557617","0.8681473731994629","False","0","3","3","1","1","0.03500404953956604","0.03501930832862854","0.031315192580223083","0.029499376192688942","0","0"
"left-180","2.0684452056884766","0.8742226362228394","False","0","3","3","1","1","0.035007867962121964","0.03501930832862854","0.03132282570004463","0.029491746798157692","0","0"
"left-180","2.08004093170166","0.8801695704460144","False","0","3","3","1","1","0.035007867962121964","0.035023126751184464","0.031322821974754333","0.029491746798157692","0","0"
"left-180","2.090704917907715","0.8856380581855774","False","0","3","3","1","1","0.035007864236831665","0.035023123025894165","0.03132282570004463","0.029487932100892067","0","0"
"left-180","2.1028337478637695","0.8918579816818237","False","0","3","3","1","1","0.03501167893409729","0.035023123025894165","0.03132664039731026","0.029480300843715668","0","0"
"left-180","2.114431381225586","0.8978056907653809","False","0","3","3","1","1","0.035007864236831665","0.035023123025894165","0.03132663667201996","0.029480302706360817","0","0"
"left-180","2.125326156616211","0.9033925533294678","False","0","3","3","1","1","0.035007864236831665","0.03501931205391884","0.03133045509457588","0.029476488009095192","0","0"
"left-180","2.158275604248047","0.9202896952629089","False","0","3","3","1","1","0.03500405326485634","0.035023123025894165","0.03132663667201996","0.029472671449184418","0","0"
"left-180","2.1697874069213867","0.926193118095398","False","0","3","3","1","1","0.035007864236831665","0.035023126751184464","0.03133045509457588","0.029476486146450043","0","0"
"left-180","2.1816396713256836","0.9322715401649475","False","0","3","3","1","1","0.035007867962121964","0.035023123025894165","0.03133045509457588","0.029472673311829567","0","0"
"left-180","2.1935510635375977","0.9383795261383057","False","0","3","3","1","1","0.035007864236831665","0.03501930832862854","0.03133045509457588","0.029468856751918793","0","0"
"left-180","2.2043514251708984","0.9439185261726379","False","0","3","3","1","1","0.035007867962121964","0.03501930832862854","0.031322821974754333","0.029465043917298317","0","0"
"left-180","2.216221809387207","0.9500055909156799","False","0","3","3","1","1","0.035007864236831665","0.03501931205391884","0.03132282570004463","0.029465043917298317","0","0"
"left-180","2.2316970825195312","0.9579417705535889","False","0","3","3","1","1","0.035007864236831665","0.035023126751184464","0.03131519630551338","0.029461229220032692","0","0"
"left-180","2.265883445739746","0.9754734039306641","False","0","3","3","1","1","0.035007864236831665","0.03501931205391884","0.03129611909389496","0.029442153871059418","0","0"
"left-180","2.278780937194824","0.9820874929428101","False","0","3","3","1","1","0.035007867962121964","0.035023126751184464","0.031284675002098083","0.029434524476528168","0","0"
"left-180","2.2890233993530273","0.9873398542404175","False","0","3","3","1","1","0.03501167893409729","0.035023126751184464","0.03128086030483246","0.029426895081996918","0","0"
"left-180","2.300853729248047","0.9934065341949463","False","0","3","3","1","1","0.035007864236831665","0.035023123025894165","0.03126560151576996","0.029423080384731293","0","0"
"left-180","2.311574935913086","0.9989047646522522","False","0","3","3","1","1","0.03500405326485634","0.03501930832862854","0.03126560151576996","0.029419265687465668","0","0"
"left-180","2.323801040649414","1.0051746368408203","False","0","3","3","1","1","0.03500405326485634","0.035023123025894165","0.03126560151576996","0.029423080384731293","0","0"
"left-180","2.336186408996582","1.0115262269973755","False","0","3","3","1","1","0.03501168265938759","0.035023123025894165","0.031261786818504333","0.029430709779262543","0","0"
"left-180","2.3688735961914062","1.028288722038269","False","0","3","3","1","1","0.035007867962121964","0.035023123025894165","0.031254157423973083","0.029442155733704567","0","0"
"right-tap","0","1.7016693353652954","False","0","3","3","1","1","0.03500404953956604","0.035023126751184464","0.031170234084129333","0.029571857303380966","0","0"
"right-tap","0.0460205078125","1.7252694368362427","True","0","1","1","0","0","0.04422047361731529","0.035000234842300415","0.05449739098548889","0.027294455096125603","0","0.05576368421316147"
"right-tap","0.06254386901855469","1.7337428331375122","True","0","1","1","0","0","0.056751903146505356","0.03499642014503479","0.06655198335647583","0.028538061305880547","0","0.053570207208395004"
"right-tap","0.07946586608886719","1.7424209117889404","True","0","1","1","0","0","0.03499642387032509","0.035000234842300415","0.04438069090247154","0.024391433224081993","0.003063000738620758","0.046562522649765015"
"right-tap","0.09556388854980469","1.7506762742996216","True","0","1","1","0","0","0.035000238567590714","0.03499642014503479","0.040230248123407364","0.027195269241929054","0.027332400903105736","0.04139735922217369"
"right-tap","0.11012649536132812","1.7581446170806885","True","0","1","1","0","0","0.03499642387032509","0.035000234842300415","0.032574061304330826","0.031944625079631805","0.047718390822410583","0.027225589379668236"
"right-tap","0.15172290802001953","0.10229244828224182","True","1","1","1","0","0","0.03511086478829384","0.045170340687036514","0.021419750526547432","0.0479322150349617","0.05683181434869766","0"
"right-tap","0.16698265075683594","0.1170600950717926","True","1","1","1","0","0","0.039112530648708344","0.04705100879073143","0.023449193686246872","0.0484662801027298","0.0489734411239624","0"
"right-tap","0.18001651763916016","0.12967392802238464","True","1","1","1","0","0","0.041779037564992905","0.046986162662506104","0.025417601689696312","0.048817235976457596","0.041324879974126816","0"
"right-tap","0.19556236267089844","0.1447179615497589","True","1","1","1","0","0","0.04374362900853157","0.04645591229200363","0.027878111228346825","0.048687536269426346","0.031097551807761192","0"
"right-tap","0.20630359649658203","0.15511325001716614","True","1","1","1","0","0","0.04435017332434654","0.04618887975811958","0.029472673311829567","0.04847772419452667","0.024227198213338852","0"
"right-tap","0.21896743774414062","0.1673678606748581","True","1","1","1","0","0","0.04417087882757187","0.04584173485636711","0.031032904982566833","0.048195432871580124","0.01723477430641651","0"
"right-tap","0.2548332214355469","0.2020774632692337","True","1","2","1","0.17000000178813934","0","0.025482451543211937","0.04467061161994934","0.013103608973324299","0.04640631750226021","0","0"
"right-tap","0.26830101013183594","0.2151104360818863","True","1","3","1","0.3400000035762787","0","0.025368008762598038","0.04397251084446907","0.011440380476415157","0.04545644670724869","0","0"
"right-tap","0.28085994720458984","0.22726429998874664","True","1","3","1","0.5099999904632568","0","0.027332602068781853","0.04334308207035065","0.01396574079990387","0.044613391160964966","0","0"
"right-tap","0.2937936782836914","0.23978106677532196","True","1","3","1","0.6800000071525574","0","0.02960618957877159","0.04280901700258255","0.0181466992944479","0.043846625834703445","0","0"
"right-tap","0.3051137924194336","0.25073570013046265","True","1","3","1","0.8500000238418579","0","0.032673243433237076","0.04250002279877663","0.024009959772229195","0.043278228491544724","0","0"
"right-tap","0.31891822814941406","0.2640951871871948","True","1","3","1","1","0","0.03502693772315979","0.04227495193481445","0.029831258580088615","0.04270220175385475","0","0"
"right-tap","0.330963134765625","0.27575135231018066","True","1","3","1","1","0","0.03502693772315979","0.04224824905395508","0.03157459571957588","0.04241228103637695","0","0"
"right-tap","0.3688688278198242","0.31243377923965454","True","1","3","1","1","0","0.035023126751184464","0.043018825352191925","0.03483620285987854","0.04241228103637695","0","0"
"right-tap","0.38194847106933594","0.3250921368598938","True","1","3","1","1","0","0.03502693772315979","0.04349566996097565","0.035320673137903214","0.04265261068940163","0","0"
"right-tap","0.3936500549316406","0.3364158868789673","True","1","3","1","1","0","0.035023123025894165","0.043968699872493744","0.03554192930459976","0.04290056973695755","0","0"
"right-tap","0.4037055969238281","0.34614700078964233","True","1","3","1","1","0","0.035023123025894165","0.04443791136145592","0.03554574400186539","0.043156158179044724","0","0"
"right-tap","0.41497325897216797","0.3570510149002075","True","1","3","1","1","0","0.035023123025894165","0.044941458851099014","0.035328302532434464","0.04343463480472565","0","0"
"right-tap","0.4251880645751953","0.36693620681762695","True","1","3","1","1","0","0.035023123025894165","0.04535726457834244","0.03496590256690979","0.0436253696680069","0","0"
"right-tap","0.43631553649902344","0.37770456075668335","True","1","3","1","1","0","0.035023123025894165","0.04576544091105461","0.03449287638068199","0.043831367045640945","0","0"
"right-tap","0.4697895050048828","0.41009873151779175","True","1","3","1","1","0","0.035023123025894165","0.04685264453291893","0.0331806018948555","0.04538015276193619","0","0"
"right-tap","0.4820718765258789","0.42198511958122253","True","1","3","1","1","0","0.035023123025894165","0.04764610901474953","0.0327228344976902","0.04664664715528488","0","0"
"right-tap","0.49344921112060547","0.43299561738967896","True","1","3","1","1","0","0.03502693772315979","0.048176359385252","0.03226124867796898","0.0476270355284214","0","0"
"right-tap","0.5036277770996094","0.44284558296203613","True","1","3","1","1","0","0.03502693772315979","0.04950770363211632","0.03187977522611618","0.04941996559500694","0","0"
"right-tap","0.5147533416748047","0.45361238718032837","True","1","3","1","1","0","0.03502693772315979","0.05208265781402588","0.03162800148129463","0.052586205303668976","0","0"
"right-tap","0.525324821472168","0.4638427793979645","True","1","3","1","1","0","0.035023126751184464","0.05446687340736389","0.03150974586606026","0.05559984967112541","0","0"
"right-tap","0.5384693145751953","0.4765632748603821","True","1","3","1","1","0","0.035023123025894165","0.05725163593888283","0.03140674903988838","0.05926581844687462","0","0"
"right-tap","0.5783014297485352","0.5151107311248779","True","1","3","1","1","0","0.035023123025894165","0.06583480536937714","0.031170234084129333","0.07178199291229248","0","0"
"right-tap","0.5906963348388672","0.5271061658859253","True","1","3","1","1","0","0.03502693772315979","0.068928562104702","0.03116641938686371","0.07647794485092163","0","0"
"right-tap","0.6023702621459961","0.5384026169776917","True","1","3","1","1","0","0.035023123025894165","0.0719536542892456","0.031154975295066833","0.08114718645811081","0","0"
"right-tap","0.6146879196166992","0.5503233671188354","True","1","3","1","1","0","0.035023126751184464","0.07504741102457047","0.031132087111473083","0.0863695740699768","0","0"
"right-tap","0.6255073547363281","0.5607933402061462","True","1","3","1","1","0","0.035023126751184464","0.07785506546497345","0.03110538236796856","0.09150421619415283","0","0"
"right-tap","0.6372232437133789","0.5721318125724792","True","1","3","1","1","0","0.03502693772315979","0.08113574236631393","0.03109012544155121","0.0975925475358963","0","0"
"right-tap","0.6480264663696289","0.5825863480567932","True","1","3","1","1","0","0.03502694144845009","0.08437065035104752","0.031078679487109184","0.10346725583076477","0","0"
"right-tap","0.7013998031616211","0.6342377066612244","True","1","3","1","1","0","0.03502694144845009","0.10691196471452713","0.03081546351313591","0.13709421455860138","0","0"
"right-tap","0.7221860885620117","0.6543534994125366","True","1","3","1","1","0","0.03502693772315979","0.1186041533946991","0.03068576194345951","0.15008723735809326","0","0"
"right-tap","0.7373781204223633","0.6690556406974792","True","1","3","1","1","0","0.03502693772315979","0.1272636204957962","0.03063235431909561","0.15821263194084167","0","0"
"right-tap","0.7495994567871094","0.6808832883834839","True","1","3","1","1","0","0.03502694144845009","0.13373342156410217","0.030613280832767487","0.16358380019664764","0","0"
"right-tap","0.7877426147460938","0.7177959680557251","True","1","3","1","1","0","0.03502693772315979","0.1500757932662964","0.030659057199954987","0.18689951300621033","0","0"
"right-tap","0.8021707534790039","0.7317582368850708","True","1","3","1","1","0","0.035023126751184464","0.16077613830566406","0.03067813254892826","0.18728479743003845","0","0"
"right-tap","0.8151979446411133","0.7443655729293823","True","1","3","1","1","0","0.035023126751184464","0.1650143265724182","0.03069339133799076","0.1923469603061676","0","0"
"right-tap","0.8283252716064453","0.7570695877075195","True","1","3","1","1","0","0.035023126751184464","0.1710912138223648","0.03071627952158451","0.19704672694206238","0","0"
"right-tap","0.8403921127319336","0.7687471508979797","True","1","3","1","1","0","0.035023123025894165","0.17484110593795776","0.03073916770517826","0.19966745376586914","0","0"
"right-tap","0.8534622192382812","0.7813952565193176","True","1","3","1","1","0","0.035023123025894165","0.17719098925590515","0.03076968528330326","0.2009911686182022","0","0"
"right-tap","0.8911476135253906","0.8178654909133911","True","1","3","1","1","0","0.035023126751184464","0.1746503710746765","0.03084598109126091","0.19585652649402618","0","0"
"right-tap","0.9085283279418945","0.8346851468086243","True","1","3","1","1","0","0.035023123025894165","0.16880618035793304","0.03085361048579216","0.18846355378627777","0","0"
"right-tap","0.9223098754882812","0.8480222821235657","True","1","3","1","1","0","0.03502694144845009","0.1627216637134552","0.030857425183057785","0.18091417849063873","0","0"
"right-tap","0.9361085891723633","0.8613755702972412","True","1","3","1","1","0","0.035023126751184464","0.15465347468852997","0.030849795788526535","0.17109884321689606","0","0"
"right-tap","0.9492702484130859","0.8741129040718079","True","1","3","1","1","0","0.035023123025894165","0.14606648683547974","0.03083835169672966","0.16082191467285156","0","0"
"right-tap","0.9646854400634766","0.8890306353569031","True","1","3","1","1","0","0.035023123025894165","0.13499610126018524","0.03082309290766716","0.14767631888389587","0","0"
"right-tap","1.0071525573730469","0.9301274418830872","True","1","3","1","1","0","0.035023123025894165","0.10726673901081085","0.030826907604932785","0.10928473621606827","0","0"
"right-tap","1.0214776992797852","0.9439912438392639","True","1","3","1","1","0","0.035023123025894165","0.09893915057182312","0.030834536999464035","0.10147213935852051","0","0"
"right-tap","1.0336179733276367","0.955739438533783","True","1","3","1","1","0","0.03502693772315979","0.09177125245332718","0.03084598109126091","0.09491460025310516","0","0"
"right-tap","1.044698715209961","0.9664629101753235","True","1","3","1","1","0","0.03502693772315979","0.08582406491041183","0.030857425183057785","0.08946333080530167","0","0"
"right-tap","1.0574102401733398","0.9787640571594238","True","1","3","1","1","0","0.035023123025894165","0.07999513298273087","0.030910830944776535","0.08405020833015442","0","0"
"right-tap","1.068669319152832","0.9896600246429443","True","1","3","1","1","0","0.035023123025894165","0.07568447291851044","0.03100620023906231","0.08005235344171524","0","0"
"right-tap","1.1040105819702148","1.023861050605774","True","1","3","1","1","0","0.035023123025894165","0.06884845346212387","0.02916749380528927","0.07277382910251617","0","0"
"right-tap","1.1174650192260742","1.0307612419128418","False","0","3","3","1","0.03363825008273125","0.035007867962121964","0.06351543962955475","0.031246528029441833","0.0681808739900589","0","0"
"right-tap","1.1305789947509766","1.0374863147735596","False","0","3","3","1","0.06642274558544159","0.035007867962121964","-0.03451965004205704","0.031238898634910583","-0.044090840965509415","0","0"
"right-tap","1.1428298950195312","1.0437685251235962","False","0","3","3","1","0.09704826027154922","0.03501168265938759","-0.051083266735076904","0.03123508393764496","-0.06508719176054001","0","0"
"right-tap","1.156707763671875","1.0508853197097778","False","0","3","3","1","0.13174276053905487","0.035007864236831665","-0.05611872673034668","0.03122745454311371","-0.07428835332393646","0","0"
"right-tap","1.1706104278564453","1.0580153465270996","False","0","3","3","1","0.16650176048278809","0.035007867962121964","-0.051811881363391876","0.03122745454311371","-0.07261749356985092","0","0"
"right-tap","1.2117929458618164","1.0791343450546265","False","0","3","3","1","0.26945674419403076","0.03501168265938759","-0.02866401895880699","0.03123508393764496","-0.049935027956962585","0","0"
"right-tap","1.2282047271728516","1.0875507593154907","False","0","3","3","1","0.31048673391342163","0.03500405326485634","-0.0222666934132576","0.03123508393764496","-0.042183469980955124","0","0"
"right-tap","1.2405633926391602","1.093888282775879","False","0","3","3","1","0.3413819670677185","0.035007864236831665","-0.01866176165640354","0.031246528029441833","-0.03747226297855377","0","0"
"right-tap","1.256056785583496","0.7727415561676025","False","0","3","3","1","0.38011571764945984","0.035007864236831665","-0.015213231556117535","0.031254157423973083","-0.03269238770008087","0","0"
"right-tap","1.2688684463500977","0.7793118357658386","False","0","3","3","1","0.4121457040309906","0.03500404953956604","-0.013008310459554195","0.03125797212123871","-0.027763739228248596","0","0"
"right-tap","1.2835750579833984","0.7868537306785583","False","0","3","3","1","0.44891247153282166","0.03501168265938759","-0.01296634878963232","0.031269416213035583","-0.02719152718782425","0","0"
"right-tap","1.325444221496582","0.8083251118659973","False","0","3","3","1","0.5535854697227478","0.035007864236831665","-0.011532004922628403","0.031292304396629333","-0.024875978007912636","0","0"
"right-tap","1.3411426544189453","0.8163754940032959","False","0","3","3","1","0.5928311944007874","0.035007867962121964","-0.009250788018107414","0.03129611909389496","-0.02225906401872635","0","0"
"right-tap","1.3540983200073242","0.8230193257331848","False","0","3","3","1","0.6252199411392212","0.03501168265938759","-0.006878018379211426","0.03130374848842621","-0.019584927707910538","0","0"
"right-tap","1.3664445877075195","0.8293509483337402","False","0","3","3","1","0.6560866832733154","0.035007864236831665","-0.0042916215024888515","0.031307563185691833","-0.016674280166625977","0","0"
"right-tap","1.383096694946289","0.8378905653953552","False","0","3","3","1","0.6977171897888184","0.035007867962121964","-0.0004043980152346194","0.03131137788295746","-0.012294953688979149","0","0"
"right-tap","1.3966655731201172","0.8448487520217896","False","0","3","3","1","0.7316384315490723","0.03500405326485634","0.003032685723155737","0.03131137788295746","-0.008400100283324718","0","0"
"right-180","0","1.5166053771972656","False","0","3","3","1","1","0.03501931205391884","0.035023123025894165","0.03112064301967621","0.02965959534049034","0","0"
"right-180","0.04364585876464844","1.5389878749847412","True","0","1","1","0","0","0.04614691808819771","0.035000234842300415","0.05669468268752098","0.026272103190422058","0","0.06311088055372238"
"right-180","0.058803558349609375","1.546761155128479","True","0","1","1","0","0","0.0583617240190506","0.03499642014503479","0.06819231808185577","0.026249215006828308","0","0.06216100975871086"
"right-180","0.072174072265625","1.5536175966262817","True","0","1","1","0","0","0.040592651814222336","0.03499642387032509","0.05153333395719528","0.0279505904763937","0","0.0551876574754715"
"right-180","0.08440971374511719","1.5598924160003662","True","0","1","1","0","0","0.03499642387032509","0.03499642014503479","0.04235124588012695","0.024532578885555267","0.013133924454450607","0.046440452337265015"
"right-180","0.09790229797363281","1.5668118000030518","True","0","1","1","0","0","0.03499642387032509","0.034992605447769165","0.03719371557235718","0.027553856372833252","0.03224960342049599","0.03905510902404785"
"right-180","0.11128997802734375","1.5736771821975708","True","0","1","1","0","0","0.035000238567590714","0.03499642014503479","0.03228795528411865","0.032219287008047104","0.04671892523765564","0.02552802860736847"
"right-180","0.1490612030029297","0.1020151898264885","True","1","1","1","0","0","0.04033324867486954","0.035000234842300415","0.024723319336771965","0.037544671446084976","0.045376136898994446","0.003474995493888855"
"right-180","0.16269302368164062","0.11520667374134064","True","1","1","1","0","0","0.042896755039691925","0.035000234842300415","0.02597455494105816","0.0379299595952034","0.040436044335365295","0.00038505345582962036"
"right-180","0.17461204528808594","0.12674032151699066","True","1","1","1","0","0","0.04441502317786217","0.03658335283398628","0.027221975848078728","0.04054687172174454","0.03512973710894585","0"
"right-180","0.18738174438476562","0.13909867405891418","True","1","1","1","0","0","0.04555944725871086","0.03878064826130867","0.028721170499920845","0.04257631674408913","0.028473008424043655","0"
"right-180","0.20002365112304688","0.15133237838745117","True","1","1","1","0","0","0.04652839154005051","0.03999755159020424","0.030174586921930313","0.0434270054101944","0.021873503923416138","0"
"right-180","0.21449851989746094","0.165341317653656","True","1","1","1","0","0","0.047646112740039825","0.04182862862944603","0.03047213703393936","0.044987235218286514","0.02053452655673027","0"
"right-180","0.2527141571044922","0.2023240476846695","True","1","2","1","0.17000000178813934","0","0.022281883284449577","0.0432744137942791","0.007934631779789925","0.04547933489084244","0","0"
"right-180","0.2691936492919922","0.21827243268489838","True","1","3","1","0.3400000035762787","0","0.022182699292898178","0.04370929300785065","0.00971230212599039","0.04564337059855461","0","0"
"right-180","0.2834053039550781","0.23202472925186157","True","1","3","1","0.5099999904632568","0","0.024997979402542114","0.04363299906253815","0.0126878023147583","0.045162711292505264","0","0"
"right-180","0.29779624938964844","0.2459522783756256","True","1","3","1","0.6800000071525574","0","0.028415989130735397","0.0435490757226944","0.017921630293130875","0.04463627561926842","0","0"
"right-180","0.3103466033935547","0.25809618830680847","True","1","3","1","0.8500000238418579","0","0.03216206654906273","0.043846625834703445","0.024746205657720566","0.04469349980354309","0","0"
"right-180","0.3223915100097656","0.2697542905807495","True","1","3","1","1","0","0.035023126751184464","0.04374362900853157","0.03071627952158451","0.044136546552181244","0","0"
"right-180","0.3577423095703125","0.30396443605422974","True","1","3","1","1","0","0.035023126751184464","0.04407932609319687","0.03435554727911949","0.0434575229883194","0","0"
"right-180","0.37105369567871094","0.3168465197086334","True","1","3","1","1","0","0.03501931205391884","0.04448750242590904","0.03503456711769104","0.04372074082493782","0","0"
"right-180","0.38179779052734375","0.3272436559200287","True","1","3","1","1","0","0.03501931205391884","0.044865161180496216","0.03537789732217789","0.043777961283922195","0","0"
"right-180","0.3928985595703125","0.33798521757125854","True","1","1","1","0","0","0.03499642387032509","0.04525044932961464","0.043102752417325974","0.043785590678453445","0.020938890054821968","0"
"right-180","0.40380287170410156","0.34853777289390564","True","1","1","1","0","0","0.03499642014503479","0.045662444084882736","0.04259157553315163","0.04404117912054062","0.020866410806775093","0"
"right-180","0.4136924743652344","0.3581089377403259","True","1","1","2","0","0.16483666002750397","0.035000238567590714","0.0065842121839523315","0.04204988479614258","0.00012203514052089304","0.02077867090702057","0"
"right-180","0.42522430419921875","0.36926865577697754","True","1","1","3","0","0.3348366618156433","0.03499642387032509","-0.00355156185105443","0.04100082814693451","-0.011295490898191929","0.022338900715112686","0"
"right-180","0.4596443176269531","0.4025791883468628","True","1","1","3","0","0.5048366785049438","0.03499642387032509","-0.0013351961970329285","0.0373958945274353","-0.0072709363885223866","0.03022397682070732","0"
"right-180","0.4728240966796875","0.41533392667770386","True","1","1","3","0","0.6748366951942444","0.03499642387032509","0.008968425914645195","0.03597681224346161","0.0042839208617806435","0.03442782163619995","0"
"right-180","0.4846172332763672","0.42674514651298523","True","1","1","3","0","0.8448367118835449","0.03499642387032509","0.02329278737306595","0.034786611795425415","0.020004479214549065","0.03895973786711693","0"
"right-180","0.49471282958984375","0.4365151822566986","True","1","1","3","0","1","0.03499642387032509","0.035023126751184464","0.03243672847747803","0.03335989639163017","0.04985464736819267","0"
"right-180","0.5059299468994141","0.44737082719802856","True","1","1","3","0","1","0.035000238567590714","0.035023123025894165","0.03165089339017868","0.03430976718664169","0.05340617150068283","0"
"right-180","0.5159759521484375","0.45709332823753357","True","1","1","3","0","1","0.035000238567590714","0.035023123025894165","0.031185492873191833","0.035244379192590714","0.055927716195583344","0"
"right-180","0.52691650390625","0.46768102049827576","True","1","1","3","0","1","0.03499642014503479","0.035023123025894165","0.03083072230219841","0.03635065630078316","0.05893754959106445","0"
"right-180","0.5600070953369141","0.499703586101532","True","1","1","3","0","1","0.03499642014503479","0.03501930832862854","0.030388211831450462","0.040062401443719864","0.0657850131392479","0"
"right-180","0.5721054077148438","0.5114128589630127","True","1","1","3","0","1","0.03499642014503479","0.03501931205391884","0.030418729409575462","0.041550152003765106","0.06827986240386963","0"
"right-180","0.5822582244873047","0.5212370157241821","True","1","1","3","0","1","0.03499642014503479","0.035023123025894165","0.030258510261774063","0.042896755039691925","0.07024826109409332","0"
"right-180","0.5930461883544922","0.5316766500473022","True","1","1","3","0","1","0.03499642387032509","0.03501931205391884","0.03000292181968689","0.04448368772864342","0.07264010608196259","0"
"right-180","0.6043186187744141","0.5425857305526733","True","1","1","3","0","1","0.035000234842300415","0.03501930832862854","0.02975877746939659","0.04625372961163521","0.07561179995536804","0"
"right-180","0.6145496368408203","0.5524868965148926","True","1","1","3","0","1","0.03499642014503479","0.035023123025894165","0.02992662787437439","0.047897882759571075","0.07788538187742233","0"
"right-180","0.6261539459228516","0.5637170672416687","True","1","1","3","0","1","0.035000234842300415","0.035023123025894165","0.02971300110220909","0.049858663231134415","0.08110502362251282","0"
"right-180","0.6360740661621094","0.5733180046081543","True","1","1","3","0","1","0.035000234842300415","0.035023123025894165","0.02985796146094799","0.05157911032438278","0.08375626802444458","0"
"right-180","0.6703701019287109","0.6065068244934082","True","1","1","3","0","1","0.035000234842300415","0.03501930832862854","0.028950052335858345","0.05716770887374878","0.09595200419425964","0"
"right-180","0.6814975738525391","0.6172753572463989","True","1","1","3","0","1","0.035000234842300415","0.035023123025894165","0.028511356562376022","0.05849142745137215","0.10099509358406067","0"
"right-180","0.6939239501953125","0.6293013691902161","True","1","1","3","0","1","0.03499642014503479","0.03501930832862854","0.02782851830124855","0.059284891933202744","0.10703764855861664","0"
"right-180","0.705535888671875","0.6405388712882996","True","1","1","3","0","1","0.03499642014503479","0.035023123025894165","0.02703123725950718","0.05924293026328087","0.1137973815202713","0"
"right-180","0.7158107757568359","0.6504822373390198","True","1","1","3","0","1","0.03499642014503479","0.03501930832862854","0.026443766430020332","0.05851813033223152","0.11961103975772858","0"
"right-180","0.7276172637939453","0.6619073152542114","True","1","1","3","0","1","0.03499642014503479","0.035023123025894165","0.025642670691013336","0.057102859020233154","0.12719857692718506","0"
"right-180","0.7380542755126953","0.6720069646835327","True","1","1","3","0","1","0.035000234842300415","0.035023126751184464","0.025120049715042114","0.05548159405589104","0.13317246735095978","0"
"right-180","0.7739276885986328","0.7067248225212097","True","1","1","1","0","0","0.035000234842300415","0.07061849534511566","0.027592003345489502","0.14182068407535553","0.12181214988231659","0"
"right-180","0.7869415283203125","0.7193176746368408","True","1","1","1","0","0","0.035000234842300415","0.0832834467291832","0.02879364788532257","0.15184201300144196","0.11509057879447937","0"
"right-180","0.7969799041748047","0.729032039642334","True","1","1","1","0","0","0.03499642014503479","0.09472004324197769","0.02991136908531189","0.14785179495811462","0.10864366590976715","0"
"right-180","0.8080425262451172","0.739737868309021","True","1","1","1","0","0","0.03499642014503479","0.10571413487195969","0.03102145902812481","0.15588945150375366","0.10186104476451874","0"
"right-180","0.8180522918701172","0.7494246959686279","True","1","1","1","0","0","0.03499642014503479","0.11491148173809052","0.03210103139281273","0.1492670625448227","0.09505172818899155","0"
"right-180","0.8295536041259766","0.76055508852005","True","1","1","1","0","0","0.03499642014503479","0.1241011992096901","0.033077605068683624","0.15577882528305054","0.08858191967010498","0"
"right-180","0.8405380249023438","0.7711859941482544","True","1","2","1","0.17000000178813934","0","-0.05189962312579155","0.13022387027740479","-0.04864183068275452","0.1466272622346878","0","0"
"right-180","0.8802909851074219","0.8096553683280945","True","1","3","1","0.3400000035762787","0","-0.02867164835333824","0.14237383008003235","-0.03152889013290405","0.15607257187366486","0","0"
"right-180","0.8931903839111328","0.8221389651298523","True","1","3","1","0.5099999904632568","0","-0.012394136749207973","0.14137817919254303","-0.01807810552418232","0.15394775569438934","0","0"
"right-180","0.9043617248535156","0.8329495787620544","True","1","3","1","0.6800000071525574","0","0.003932965453714132","0.1410539150238037","-0.002361362101510167","0.1524600088596344","0","0"
"right-180","0.9142208099365234","0.842490553855896","True","1","3","1","0.8443166613578796","0","0.02170966938138008","0.13785335421562195","0.016021886840462685","0.14808449149131775","0","0"
"right-180","0.9255428314208984","0.8534485697746277","True","1","3","1","1","0","0.035023123025894165","0.13569802045822144","0.030849793925881386","0.14475803077220917","0","0"
"right-180","0.9356498718261719","0.8632285594940186","True","1","3","1","1","0","0.035023123025894165","0.13050615787506104","0.03084598109126091","0.13829585909843445","0","0"
"right-180","0.9468059539794922","0.8740250468254089","True","1","3","1","1","0","0.035023123025894165","0.12699277698993683","0.03083835169672966","0.13374486565589905","0","0"
"right-180","0.9794120788574219","0.9055788516998291","True","1","3","1","1","0","0.03501931205391884","0.10937628895044327","0.030811646953225136","0.1134275496006012","0","0"
"right-180","0.9916954040527344","0.9174659252166748","True","1","3","1","1","0","0.035023123025894165","0.10349395871162415","0.030819278210401535","0.1076253205537796","0","0"
"right-180","1.001821517944336","0.9272668957710266","True","1","3","1","1","0","0.035023123025894165","0.09632605314254761","0.03082309290766716","0.10054134577512741","0","0"
"right-180","1.013132095336914","0.9382113814353943","True","1","3","1","1","0","0.035023123025894165","0.08858975023031235","0.03083072230219841","0.09302248805761337","0","0"
"right-180","1.0245723724365234","0.9492829442024231","True","1","3","1","1","0","0.03501930832862854","0.08260060846805573","0.03083834983408451","0.08768947422504425","0","0"
"right-180","1.0347614288330078","0.9591440558433533","True","1","3","1","1","0","0.03501930832862854","0.07545940577983856","0.03084598109126091","0.08092211931943893","0","0"
"right-180","1.0464973449707031","0.9705017805099487","True","1","3","1","1","0","0.035023123025894165","0.07033620774745941","0.030857425183057785","0.07640546560287476","0","0"
"right-180","1.057352066040039","0.9810047149658203","True","1","3","1","1","0","0.035023126751184464","0.06453779339790344","0.03092990443110466","0.07082449644804001","0","0"
"right-180","1.0929584503173828","1.015463948249817","True","1","3","1","1","0","0.03501930832862854","0.05547396466135979","0.029915183782577515","0.06177973747253418","0","0"
"right-180","1.1060009002685547","1.0268293619155884","False","0.7368738651275635","3","1","1","0","0.035023123025894165","0.057663626968860626","0.029255231842398643","0.06413725018501282","0","0"
"right-180","1.1171131134033203","1.0361586809158325","False","0.5892574787139893","3","1","1","0","0.03501931205391884","0.08062457293272018","0.028942422941327095","0.08704478293657303","0","0"
"right-180","1.1287117004394531","1.0455211400985718","False","0.45097869634628296","3","1","1","0","0.03501930832862854","0.06036828085780144","0.02893860824406147","0.06707841902971268","0","0"
"right-180","1.1415081024169922","1.055420994758606","False","0.31801339983940125","3","1","1","0","0.035023126751184464","0.03499642387032509","0.02924378775060177","0.039993736892938614","0","0.0011518150568008423"
"right-180","1.1553363800048828","1.0656614303588867","False","0.19681820273399353","1","1","0","0","0.03852124512195587","0.035000238567590714","0.025650300085544586","0.03330649062991142","0.03592320531606674","0.026504600420594215"
"right-180","1.1679725646972656","1.074678897857666","False","0.10486380755901337","1","1","0","0","0.03552285581827164","0.035000238567590714","0.028728798031806946","0.028286289423704147","0.023029370233416557","0.04380064830183983"
"right-180","1.2020626068115234","0.5658683180809021","False","0","1","1","0","0","0.039013344794511795","0.035000238567590714","0.044273875653743744","0.024975091218948364","0","0.06267218291759491"
"right-180","1.2153263092041016","0.5726694464683533","False","0","1","2","0","0.17000000178813934","0.05107938125729561","-0.03600740060210228","0.05570666491985321","-0.04756225645542145","0","0"
"right-180","1.2275943756103516","0.578961193561554","False","0","1","3","0","0.3400000035762787","0.0573851503431797","-0.02035932056605816","0.06270671635866165","-0.0370030477643013","0","0"
"right-180","1.2385234832763672","0.5845655202865601","False","0","1","3","0","0.5099999904632568","0.06111215427517891","-0.00761807756498456","0.0667923092842102","-0.023636184632778168","0","0"
"right-180","1.2508163452148438","0.5908700823783875","False","0","1","3","0","0.6800000071525574","0.06395413726568222","0.005123165901750326","0.06988988071680069","-0.00798429362475872","0","0"
"right-180","1.2627429962158203","0.5969863533973694","False","0","1","3","0","0.8500000238418579","0.06566314399242401","0.022320028394460678","0.07173240184783936","0.01406873855739832","0","0"
"right-180","1.2756938934326172","0.6036279201507568","False","0","1","3","0","1","0.06683045625686646","0.035023126751184464","0.0729760080575943","0.030865054577589035","0","0"
"right-180","1.3101329803466797","0.6212885975837708","False","0","3","3","0.08609575033187866","1","0.03517952933907509","0.03501931205391884","0.04094742238521576","0.03082309290766716","0","0"
"right-180","1.3216209411621094","0.6271798014640808","False","0","3","3","0.11481548845767975","1","0.0008773556328378618","0.035023126751184464","0.0015601951163262129","0.03072390891611576","0","0"
"right-180","1.3327007293701172","0.6328619718551636","False","0","3","3","0.14251598715782166","1","-0.003288345178589225","0.035023123025894165","-0.00360496761277318","0.03071627952158451","0","0"
"right-180","1.344522476196289","0.6389247179031372","False","0","3","3","0.17207174003124237","1","-0.006378287449479103","0.035023123025894165","-0.007591374218463898","0.03070865012705326","0","0"
"right-180","1.355417251586914","0.6445115208625793","False","0","3","3","0.19930750131607056","1","-0.008403914980590343","0.035023123025894165","-0.010345620103180408","0.03069339133799076","0","0"
"right-180","1.3679161071777344","0.6509207487106323","False","0","3","3","0.23055250942707062","1","-0.010025180876255035","0.035023123025894165","-0.012680242769420147","0.03068576194345951","0","0"
"right-180","1.378091812133789","0.6561395525932312","False","0","3","3","0.2559942603111267","1","-0.010811018757522106","0.035023123025894165","-0.01400395855307579","0.030674317851662636","0","0"
"right-180","1.4148788452148438","0.6750047206878662","False","0","3","3","0.34796199202537537","1","-0.010708020068705082","0.035023123025894165","-0.01517126988619566","0.03065524436533451","0","0"
"right-180","1.4295215606689453","0.6825129985809326","False","0","3","3","0.38456499576568604","1","-0.009754334576427937","0.035023123025894165","-0.014553282409906387","0.03065524436533451","0","0"
"right-180","1.4431533813476562","0.6895040273666382","False","0","3","3","0.4186462461948395","1","-0.008464951068162918","0.03501930832862854","-0.013500412926077843","0.03064761497080326","0","0"
"right-180","1.454681396484375","0.6954154968261719","False","0","3","3","0.4474647343158722","1","-0.00715267937630415","0.035023126751184464","-0.012348360382020473","0.030651429668068886","0","0"
"right-180","1.4657268524169922","0.7010802626609802","False","0","3","3","0.4750804901123047","1","-0.0057450393214821815","0.03501930832862854","-0.01106279157102108","0.030643800273537636","0","0"
"right-180","1.4760818481445312","0.706390380859375","False","0","3","3","0.500967264175415","1","-0.0042763627134263515","0.035023123025894165","-0.009681854397058487","0.03063998557627201","0","0"
"right-180","1.488058090209961","0.7125320434570312","False","0","3","3","0.5309077501296997","1","-0.0024719885550439358","0.03501930832862854","-0.007949961349368095","0.030636170879006386","0","0"
"right-180","1.5210647583007812","0.7294589281082153","False","0","3","3","0.6134262681007385","1","0.0031471289694309235","0.035023123025894165","-0.0023956946097314358","0.03062472492456436","0","0"
"right-180","1.533285140991211","0.7357258796691895","False","0","3","3","0.6439775228500366","1","0.005378752946853638","0.03501930832862854","-0.00013355078408494592","0.030620910227298737","0","0"
"right-180","1.5446281433105469","0.7415423393249512","False","0","3","3","0.672332763671875","1","0.007541712373495102","0.035023123025894165","0.0020713701378554106","0.030613280832767487","0","0"
"right-180","1.5554828643798828","0.7471088767051697","False","0","3","3","0.6994695067405701","1","0.009647450409829617","0.035023123025894165","0.0042419591918587685","0.030613280832767487","0","0"
"right-180","1.5671577453613281","0.7530965805053711","False","0","3","3","0.7286595106124878","1","0.011955371126532555","0.035023123025894165","0.0066338032484054565","0.03060946799814701","0","0"
"right-180","1.5776138305664062","0.7584584355354309","False","0","3","3","0.7547985315322876","1","0.01406873855739832","0.035023123025894165","0.008842539973556995","0.03060183860361576","0","0"
"right-180","1.5902023315429688","0.7649144530296326","False","0","3","3","0.7862715125083923","1","0.01664750464260578","0.035023123025894165","0.011554822325706482","0.03060183674097061","0","0"
"right-180","1.6239910125732422","0.7822413444519043","False","0","3","3","0.8707399964332581","1","0.026935867965221405","0.035023126751184464","0.022503135725855827","0.030590392649173737","0","0"
"right-180","1.636331558227539","0.7885703444480896","False","0","3","3","0.9015937447547913","1","0.030781129375100136","0.03501930832862854","0.02666502259671688","0.030582763254642487","0","0"
"right-180","1.6477108001708984","0.7944056987762451","False","0","3","3","0.9300410151481628","1","0.03327597305178642","0.035023123025894165","0.029381118714809418","0.030582763254642487","0","0"
"right-180","1.658090591430664","0.7997282147407532","False","0","3","3","0.9559882879257202","1","0.03453865274786949","0.035023123025894165","0.030765870586037636","0.03057894855737686","0","0"
"right-180","1.6694717407226562","0.8055649399757385","False","0","3","3","0.9844422936439514","1","0.03499642387032509","0.03501930832862854","0.03127323091030121","0.030575133860111237","0","0"
"right-180","1.680734634399414","0.8113406300544739","False","0","3","3","1","1","0.035023126751184464","0.03502693772315979","0.031307563185691833","0.030575133860111237","0","0"
"right-180","1.693124771118164","0.817695140838623","False","0","3","3","1","1","0.03501931205391884","0.035023123025894165","0.03131137788295746","0.03056368976831436","0","0"
"right-180","1.7271709442138672","0.8351541757583618","False","0","3","3","1","1","0.03501930832862854","0.035023123025894165","0.031322821974754333","0.030544616281986237","0","0"
"right-180","1.7389202117919922","0.841180145740509","False","0","3","3","1","1","0.03501930832862854","0.035023123025894165","0.03132663667201996","0.030536986887454987","0","0"
"right-180","1.7504119873046875","0.847072422504425","False","0","3","3","1","1","0.035023123025894165","0.035023126751184464","0.03132663667201996","0.03053317219018936","0","0"
"right-180","1.7610759735107422","0.8525412678718567","False","0","3","3","1","1","0.03501930832862854","0.03501930832862854","0.03132663667201996","0.030521728098392487","0","0"
"right-180","1.7727127075195312","0.8585094213485718","False","0","3","3","1","1","0.03501931205391884","0.035023123025894165","0.03133045509457588","0.030514098703861237","0","0"
"right-180","1.784292221069336","0.8644468784332275","False","0","3","3","1","1","0.03501930832862854","0.035023123025894165","0.03133045509457588","0.03050265461206436","0","0"
"right-180","1.795602798461914","0.8702477812767029","False","0","3","3","1","1","0.035023123025894165","0.03501930832862854","0.03133426606655121","0.030491210520267487","0","0"
"right-180","1.8308067321777344","0.8883011341094971","False","0","3","3","1","1","0.035023126751184464","0.035023126751184464","0.03133808448910713","0.030475949868559837","0","0"
"right-180","1.845193862915039","0.8956789374351501","False","0","3","3","1","1","0.03501931205391884","0.03501930832862854","0.03133426606655121","0.030472135171294212","0","0"
"right-180","1.8574447631835938","0.9019615650177002","False","0","3","3","1","1","0.03501930832862854","0.035023123025894165","0.031338080763816833","0.03047213703393936","0","0"
"right-180","1.8685970306396484","0.907680869102478","False","0","3","3","1","1","0.03501930832862854","0.035023123025894165","0.03134189918637276","0.030464505776762962","0","0"
"right-180","1.8788032531738281","0.9129143357276917","False","0","3","3","1","1","0.03501930832862854","0.03501930832862854","0.03134189918637276","0.03046450763940811","0","0"
"right-180","1.890554428100586","0.9189410209655762","False","0","3","3","1","1","0.03501931205391884","0.035023123025894165","0.03134189546108246","0.03046450763940811","0","0"
"right-180","1.9012260437011719","0.9244133830070496","False","0","3","3","1","1","0.03501931205391884","0.035023123025894165","0.03134189918637276","0.030464505776762962","0","0"
"right-180","1.9357719421386719","0.9421294331550598","False","0","3","3","1","1","0.03501930832862854","0.035023123025894165","0.031338080763816833","0.030460691079497337","0","0"
"right-180","1.9483757019042969","0.948592483997345","False","0","3","3","1","1","0.035023123025894165","0.03501930832862854","0.03133426606655121","0.030456876382231712","0","0"
"right-180","1.958486557006836","0.9537780284881592","False","0","3","3","1","1","0.03501931205391884","0.035023123025894165","0.03133045509457588","0.030456876382231712","0","0"
"right-180","1.9699287414550781","0.9596455693244934","False","0","3","3","1","1","0.03501930832862854","0.035023126751184464","0.03133045509457588","0.030456876382231712","0","0"
"right-180","1.9803333282470703","0.9649812579154968","False","0","3","3","1","1","0.03501931205391884","0.035023123025894165","0.03131900727748871","0.03044924885034561","0","0"
"right-180","1.9918842315673828","0.9709051847457886","False","0","3","3","1","1","0.03501931205391884","0.03501930832862854","0.03131137788295746","0.030437802895903587","0","0"
"right-180","2.0020179748535156","0.9761015176773071","False","0","3","3","1","1","0.03501930832862854","0.035023123025894165","0.03130374848842621","0.030433988198637962","0","0"
"right-180","2.0363731384277344","0.9937194585800171","False","0","3","3","1","1","0.035023123025894165","0.035023126751184464","0.031284675002098083","0.030418729409575462","0","0"
"right-180","2.0489749908447266","1.0001822710037231","False","0","3","3","1","1","0.03501931205391884","0.035023123025894165","0.031277045607566833","0.030418729409575462","0","0"
"right-180","2.059703826904297","1.00568425655365","False","0","3","3","1","1","0.035023123025894165","0.035023123025894165","0.031277045607566833","0.030418729409575462","0","0"
"right-180","2.0711917877197266","1.011575698852539","False","0","3","3","1","1","0.03501930832862854","0.035023126751184464","0.03127323091030121","0.030422544106841087","0","0"
"right-180","2.083280563354492","1.017775058746338","False","0","3","3","1","1","0.035023123025894165","0.03501930832862854","0.03127323091030121","0.030426358804106712","0","0"
"right-180","2.0951709747314453","1.0238722562789917","False","0","3","3","1","1","0.03501930832862854","0.03501930832862854","0.031269416213035583","0.030433988198637962","0","0"
"right-180","2.106508255004883","1.029686450958252","False","0","3","3","1","1","0.03501930832862854","0.035023126751184464","0.03126560151576996","0.030437802895903587","0","0"
"right-180","2.1397266387939453","1.04672110080719","False","0","3","3","1","1","0.03501930832862854","0.03501930832862854","0.031254157423973083","0.03045687824487686","0","0"
"right-180","2.1529541015625","1.0535047054290771","False","0","3","3","1","1","0.03501931205391884","0.035023123025894165","0.03125797212123871","0.030468322336673737","0","0"
"right-180","2.1643733978271484","1.0593606233596802","False","0","3","3","1","1","0.03501931205391884","0.035023123025894165","0.031254157423973083","0.030475951731204987","0","0"
"right-180","2.1749801635742188","1.0648003816604614","False","0","3","3","1","1","0.035023123025894165","0.035023123025894165","0.03125797212123871","0.030491210520267487","0","0"
"right-180","2.1863956451416016","1.0706545114517212","False","0","3","3","1","1","0.03501930832862854","0.03501930832862854","0.03125797212123871","0.03049502521753311","0","0"
"right-180","2.1972808837890625","1.0762361288070679","False","0","3","3","1","1","0.035023123025894165","0.035023123025894165","0.03125797212123871","0.03051028400659561","0","0"
"right-180","2.2086944580078125","1.0820895433425903","False","0","3","3","1","1","0.035023123025894165","0.035023123025894165","0.03125797212123871","0.030521728098392487","0","0"
"right-180","2.2430896759033203","1.0997282266616821","False","0","3","3","1","1","0.035023123025894165","0.03501930832862854","0.03125797212123871","0.030552245676517487","0","0"
"right-180","2.2564468383789062","1.1065781116485596","False","0","3","3","1","1","0.035023123025894165","0.03501930832862854","0.03125797212123871","0.03056368976831436","0","0"
"right-180","2.2693538665771484","1.1131973266601562","False","0","3","3","1","1","0.03501931205391884","0.03501930832862854","0.03125797212123871","0.030575133860111237","0","0"
"right-180","2.280942916870117","1.1191399097442627","False","0","3","3","1","1","0.03501931205391884","0.035023126751184464","0.03125797212123871","0.030590392649173737","0","0"
"right-180","2.2937755584716797","1.1257213354110718","False","0","3","3","1","1","0.03501930832862854","0.03501930832862854","0.03125797212123871","0.03059420734643936","0","0"
"right-180","2.308023452758789","1.13302743434906","False","0","3","3","1","1","0.03501930832862854","0.03501930832862854","0.03125797212123871","0.03060946613550186","0","0"
"right-180","2.3201332092285156","1.139237880706787","False","0","3","3","1","1","0.035023123025894165","0.035023123025894165","0.031261786818504333","0.03062472492456436","0","0"
"right-180","2.359987258911133","1.1596753597259521","False","0","3","3","1","1","0.03501930832862854","0.035023123025894165","0.031269416213035583","0.030651429668068886","0","0"
