frame,health,load,pinSeconds,physical,blocked,authority,canDamage,contacts,sleepingContacts,recorded,discarded,stoneSleeping,stoneMass,receiverBodies,receiverColliders
0,92.0146,0,0.03999998,True,True,True,True,0,0,7,2,False,90,11,0
1,92.0146,266.4026,0.03999998,True,True,True,True,1,0,8,2,False,90,11,0
2,92.0146,123.7633,0.03999998,True,True,True,True,1,0,9,2,False,90,11,0
3,92.0146,19.96799,0.03999998,True,True,True,True,1,0,9,2,False,90,11,0
4,92.0146,19.96799,0.03999998,True,True,True,True,1,0,9,2,False,90,11,0
5,92.0146,19.96799,0.03999998,True,True,True,True,1,0,9,2,False,90,11,0
6,92.0146,19.96799,0.03999998,True,True,True,True,1,0,9,2,False,90,11,0
7,92.0146,19.96799,0.03999998,True,True,True,True,1,0,9,2,False,90,11,0
8,92.0146,19.96799,0.03999998,True,True,True,True,1,0,10,2,False,90,11,0
9,92.0146,434.6105,0.05999998,True,True,True,True,1,0,11,2,False,90,11,0
10,92.0146,2117.119,0.07999997,True,True,True,True,1,0,12,2,False,90,11,0
11,92.0146,2656.956,0.09999996,True,True,True,True,1,0,13,2,False,90,11,0
12,92.0146,2483.157,0.12,True,True,True,True,1,0,15,2,False,90,11,0
13,92.0146,1949.635,0.14,True,True,True,True,2,0,19,2,False,90,11,0
14,92.0146,4243.362,0.16,True,True,True,True,4,0,22,2,False,90,11,0
15,92.0146,2328.523,0.1799999,True,True,True,True,4,0,24,2,False,90,11,0
16,92.0146,1550.674,0.1999999,True,True,True,True,4,0,26,2,False,90,11,0
17,92.0146,1117.05,0.2199999,True,True,True,True,4,0,28,2,False,90,11,0
18,92.0146,732.0013,0.2399999,True,True,True,True,4,0,29,2,False,90,11,0
19,92.0146,597.2596,0.2599999,True,True,True,True,4,0,30,2,False,90,11,0
20,92.0146,368.6188,0.2799999,True,True,True,True,2,0,31,4,False,90,11,0
21,92.0146,323.7195,0.2799999,True,True,True,True,2,0,33,4,False,90,11,0
22,92.0146,595.908,0.2999999,True,True,True,True,3,0,36,4,False,90,11,0
23,92.0146,1323.129,0.3199999,True,True,True,True,3,0,39,4,False,90,11,0
24,92.0146,1686.471,0.3399999,True,True,True,True,3,0,43,4,False,90,11,0
25,92.0146,1694.6,0.3599998,True,True,True,True,4,0,47,4,False,90,11,0
26,92.0146,1428.325,0.3799998,True,True,True,True,4,0,51,4,False,90,11,0
27,92.0146,1173.472,0.3999998,True,True,True,True,4,0,55,4,False,90,11,0
28,92.0146,981.5669,0.4199998,True,True,True,True,4,0,59,4,False,90,11,0
29,92.0146,910.1321,0.4399998,True,True,True,True,4,0,63,4,False,90,11,0
30,92.0146,910.1517,0.4599997,True,True,True,True,4,0,67,4,False,90,11,0
31,92.0146,952.4154,0.4799997,True,True,True,True,4,0,71,4,False,90,11,0
32,92.0146,727.6351,0.4999997,True,True,True,True,4,0,75,4,False,90,11,0
33,92.0146,714.4192,0.5199997,True,True,True,True,4,0,79,4,False,90,11,0
34,92.0146,802.5234,0.5399997,True,True,True,True,4,0,83,4,False,90,11,0
35,92.0146,884.902,0.5599996,True,True,True,True,4,0,87,4,False,90,11,0
36,92.0146,925.7102,0.5799996,True,True,True,True,4,0,91,4,False,90,11,0
37,92.0146,940.8146,0.5999996,True,True,True,True,4,0,95,4,False,90,11,0
38,92.0146,952.1628,0.6199996,True,True,True,True,4,0,99,4,False,90,11,0
39,92.0146,941.2663,0.6399996,True,True,True,True,4,0,103,4,False,90,11,0
40,92.0146,920.2594,0.6599995,True,True,True,True,4,0,107,4,False,90,11,0
41,92.0146,918.5682,0.6799995,True,True,True,True,4,0,111,4,False,90,11,0
42,92.0146,916.9258,0.6999995,True,True,True,True,4,0,115,4,False,90,11,0
43,92.0146,933.2902,0.7199995,True,True,True,True,4,0,119,4,False,90,11,0
44,92.0146,930.4258,0.7399995,True,True,True,True,4,0,123,4,False,90,11,0
45,92.0146,938.1799,0.7599995,True,True,True,True,4,0,126,4,False,90,11,0
46,92.0146,954.426,0.7799994,True,True,True,True,4,0,129,4,False,90,11,0
47,92.0146,975.6977,0.7999994,True,True,True,True,4,0,132,4,False,90,11,0
48,92.0146,988.3793,0.8199994,True,True,True,True,4,0,135,4,False,90,11,0
49,92.0146,993.1785,0.8399994,True,True,True,True,4,0,138,4,False,90,11,0
50,92.0146,999.8042,0.8599994,True,True,True,True,4,0,141,4,False,90,11,0
51,92.0146,1005.747,0.8799993,True,True,True,True,3,0,144,5,False,90,11,0
52,92.0146,1008.062,0.8999993,True,True,True,True,3,0,147,5,False,90,11,0
53,92.0146,1023.133,0.9199993,True,True,True,True,3,0,150,5,False,90,11,0
54,92.0146,1055.514,0.9399993,True,True,True,True,3,0,153,5,False,90,11,0
55,92.0146,1058.45,0.9599993,True,True,True,True,3,0,156,5,False,90,11,0
56,92.0146,1040.89,0.9799992,True,True,True,True,3,0,159,5,False,90,11,0
57,92.0146,1039.361,0.9999992,True,True,True,True,3,0,162,5,False,90,11,0
58,92.0146,1039.183,1.019999,True,True,True,True,3,0,165,5,False,90,11,0
59,92.0146,985.9557,1.039999,True,True,True,True,3,0,168,5,False,90,11,0
60,92.0146,937.9436,1.059999,True,True,True,True,3,0,171,5,False,90,11,0
61,92.0146,913.8615,1.079999,True,True,True,True,3,0,174,5,False,90,11,0
62,92.0146,901.071,1.099999,True,True,True,True,3,0,177,5,False,90,11,0
63,92.0146,888.878,1.119999,True,True,True,True,3,0,180,5,False,90,11,0
64,92.0146,871.7094,1.139999,True,True,True,True,3,0,183,5,False,90,11,0
65,92.0146,851.3863,1.159999,True,True,True,True,3,0,186,5,False,90,11,0
66,92.0146,844.0518,1.179999,True,True,True,True,3,0,189,5,False,90,11,0
67,92.0146,849.203,1.199999,True,True,True,True,3,0,192,5,False,90,11,0
68,92.0146,850.0649,1.219999,True,True,True,True,3,0,195,5,False,90,11,0
69,92.0146,853.7745,1.239999,True,True,True,True,3,0,198,5,False,90,11,0
70,91.65881,871.6591,1.25,True,True,True,True,3,0,201,5,False,90,11,0
71,91.31158,850.7216,1.25,True,True,True,True,3,0,204,5,False,90,11,0
72,90.97556,823.2294,1.25,True,True,True,True,3,0,207,5,False,90,11,0
73,90.64498,809.9335,1.25,True,True,True,True,3,0,210,5,False,90,11,0
74,90.31416,810.5095,1.25,True,True,True,True,3,0,213,5,False,90,11,0
75,89.98314,811.0024,1.25,True,True,True,True,3,0,216,5,False,90,11,0
76,89.65701,799.0087,1.25,True,True,True,True,3,0,219,5,False,90,11,0
77,89.33626,785.8409,1.25,True,True,True,True,3,0,222,5,False,90,11,0
78,89.02436,764.1515,1.25,True,True,True,True,3,0,225,5,False,90,11,0
79,88.70891,772.8632,1.25,True,True,True,True,3,0,228,5,False,90,11,0
80,88.3883,785.497,1.25,True,True,True,True,3,0,231,5,False,90,11,0
81,88.06738,786.2592,1.25,True,True,True,True,3,0,234,5,False,90,11,0
82,87.74685,785.2815,1.25,True,True,True,True,3,0,237,5,False,90,11,0
83,87.42892,778.9355,1.25,True,True,True,True,3,0,240,5,False,90,11,0
84,87.1166,765.176,1.25,True,True,True,True,3,0,243,5,False,90,11,0
85,86.81142,747.6914,1.25,True,True,True,True,3,0,246,5,False,90,11,0
86,86.50907,740.7438,1.25,True,True,True,True,3,0,249,5,False,90,11,0
87,86.2075,738.8304,1.25,True,True,True,True,3,0,252,5,False,90,11,0
88,85.90686,736.5781,1.25,True,True,True,True,3,0,255,5,False,90,11,0
89,85.60909,729.5233,1.25,True,True,True,True,3,0,258,5,False,90,11,0
90,85.31641,717.0906,1.25,True,True,True,True,3,0,261,5,False,90,11,0
91,85.02174,721.9301,1.25,True,True,True,True,3,0,264,5,False,90,11,0
92,84.72269,732.6725,1.25,True,True,True,True,3,0,267,5,False,90,11,0
93,84.42354,732.9273,1.25,True,True,True,True,3,0,269,5,False,90,11,0
94,84.12337,735.4036,1.25,True,True,True,True,3,0,271,5,False,90,11,0
95,83.82634,727.7328,1.25,True,True,True,True,3,0,273,5,False,90,11,0
96,83.54021,701.0331,1.25,True,True,True,True,3,0,275,5,False,90,11,0
97,83.25536,697.8641,1.25,True,True,True,True,3,0,277,5,False,90,11,0
98,82.9631,716.0299,1.25,True,True,True,True,3,0,279,5,False,90,11,0
99,82.67054,716.7846,1.25,True,True,True,True,2,0,281,6,False,90,11,0
100,82.37848,715.5577,1.25,True,True,True,True,2,0,283,6,False,90,11,0
101,82.08531,718.2632,1.25,True,True,True,True,2,0,285,6,False,90,11,0
102,81.79184,719.0135,1.25,True,True,True,True,2,0,287,6,False,90,11,0
103,81.51347,682.0023,1.25,True,True,True,True,2,0,289,6,False,90,11,0
104,81.25845,624.8199,1.25,True,True,True,True,2,0,291,6,False,90,11,0
105,81.02373,575.0516,1.25,True,True,True,True,2,0,293,6,False,90,11,0
106,80.7945,561.6031,1.25,True,True,True,True,2,0,295,6,False,90,11,0
107,80.55719,581.4213,1.25,True,True,True,True,2,0,297,6,False,90,11,0
108,80.30511,617.6051,1.25,True,True,True,True,2,0,299,6,False,90,11,0
109,80.03468,662.5633,1.25,True,True,True,True,2,0,301,6,False,90,11,0
110,79.7481,702.1184,1.25,True,True,True,True,2,0,303,6,False,90,11,0
111,79.44909,732.5775,1.25,True,True,True,True,2,0,305,6,False,90,11,0
112,79.142,752.3764,1.25,True,True,True,True,2,0,307,6,False,90,11,0
113,78.83366,755.4136,1.25,True,True,True,True,2,0,309,6,False,90,11,0
114,78.52865,747.2955,1.25,True,True,True,True,2,0,311,6,False,90,11,0
115,78.22979,732.2103,1.25,True,True,True,True,2,0,313,6,False,90,11,0
116,77.93626,719.1534,1.25,True,True,True,True,2,0,315,6,False,90,11,0
117,77.6493,703.0404,1.25,True,True,True,True,2,0,317,6,False,90,11,0
118,77.36753,690.3303,1.25,True,True,True,True,2,0,319,6,False,90,11,0
119,77.08913,682.0928,1.25,True,True,True,True,2,0,321,6,False,90,11,0
120,76.81226,678.3343,1.25,True,True,True,True,2,0,323,6,False,90,11,0
121,76.53506,679.1113,1.25,True,True,True,True,2,0,325,6,False,90,11,0
122,76.25613,683.3809,1.25,True,True,True,True,2,0,327,6,False,90,11,0
123,75.97482,689.2175,1.25,True,True,True,True,2,0,329,6,False,90,11,0
124,75.69099,695.4003,1.25,True,True,True,True,2,0,331,6,False,90,11,0
125,75.40495,700.7776,1.25,True,True,True,True,2,0,333,6,False,90,11,0
126,75.11725,704.8699,1.25,True,True,True,True,2,0,335,6,False,90,11,0
127,74.82857,707.2629,1.25,True,True,True,True,2,0,337,6,False,90,11,0
128,74.53956,708.0813,1.25,True,True,True,True,2,0,339,6,False,90,11,0
129,74.25079,707.4814,1.25,True,True,True,True,2,0,341,6,False,90,11,0
130,73.96246,706.4335,1.25,True,True,True,True,2,0,343,6,False,90,11,0
131,73.67458,705.2786,1.25,True,True,True,True,2,0,345,6,False,90,11,0
132,73.38718,704.1502,1.25,True,True,True,True,2,0,347,6,False,90,11,0
133,73.1002,703.0949,1.25,True,True,True,True,2,0,349,6,False,90,11,0
134,72.81354,702.316,1.25,True,True,True,True,2,0,351,6,False,90,11,0
135,72.52688,702.3189,1.25,True,True,True,True,2,0,352,6,True,90,11,0
136,72.32313,499.1982,1.25,True,True,True,True,2,2,353,6,True,90,11,0
137,72.32313,257.8494,1.25,True,True,True,True,2,2,354,6,True,90,11,0
138,72.32313,55.64603,1.25,True,True,True,True,2,2,355,6,False,90,11,0
139,72.32313,123.7304,1.25,True,True,True,True,2,0,357,6,False,90,11,0
140,72.32313,254.1546,1.25,True,True,True,True,2,0,359,6,False,90,11,0
141,72.11324,514.2216,1.25,True,True,True,True,2,0,361,6,False,90,11,0
142,71.82404,708.5372,1.25,True,True,True,True,2,0,363,6,False,90,11,0
143,71.48765,824.1689,1.25,True,True,True,True,2,0,365,6,False,90,11,0
144,71.13377,867.0069,1.25,True,True,True,True,2,0,367,6,False,90,11,0
145,70.77591,876.7545,1.25,True,True,True,True,2,0,369,6,False,90,11,0
146,70.42663,855.7327,1.25,True,True,True,True,2,0,371,6,False,90,11,0
147,70.09312,817.1113,1.25,True,True,True,True,2,0,373,6,False,90,11,0
148,69.77888,769.8701,1.25,True,True,True,True,2,0,375,6,False,90,11,0
149,69.47948,733.5344,1.25,True,True,True,True,2,0,377,6,False,90,11,0
150,69.19217,703.9157,1.25,True,True,True,True,2,0,379,6,False,90,11,0
151,68.91203,686.3541,1.25,True,True,True,True,2,0,381,6,False,90,11,0
152,68.63453,679.8676,1.25,True,True,True,True,2,0,383,6,False,90,11,0
153,68.35686,680.2995,1.25,True,True,True,True,2,0,385,6,False,90,11,0
154,68.07665,686.5076,1.25,True,True,True,True,2,0,387,6,False,90,11,0
155,67.79226,696.7701,1.25,True,True,True,True,2,0,389,6,False,90,11,0
156,67.50317,708.2685,1.25,True,True,True,True,2,0,391,6,False,90,11,0
157,67.20981,718.7411,1.25,True,True,True,True,2,0,393,6,False,90,11,0
158,66.91341,726.1724,1.25,True,True,True,True,2,0,395,6,False,90,11,0
159,66.61546,729.9742,1.25,True,True,True,True,2,0,397,6,False,90,11,0
160,66.31715,730.8597,1.25,True,True,True,True,2,0,399,6,False,90,11,0
161,66.01972,728.7142,1.25,True,True,True,True,2,0,401,6,False,90,11,0
162,65.72369,725.2933,1.25,True,True,True,True,2,0,403,6,False,90,11,0
163,65.42892,722.1792,1.25,True,True,True,True,2,0,405,6,False,90,11,0
164,65.13529,719.3841,1.25,True,True,True,True,2,0,407,6,False,90,11,0
165,64.84273,716.7793,1.25,True,True,True,True,2,0,409,6,False,90,11,0
166,64.5509,714.9843,1.25,True,True,True,True,2,0,411,6,False,90,11,0
167,64.25935,714.2968,1.25,True,True,True,True,2,0,413,6,False,90,11,0
168,63.96774,714.4359,1.25,True,True,True,True,2,0,415,6,False,90,11,0
169,63.676,714.7662,1.25,True,True,True,True,2,0,417,6,False,90,11,0
170,63.38385,715.754,1.25,True,True,True,True,2,0,419,6,False,90,11,0
171,63.09086,717.8379,1.25,True,True,True,True,2,0,421,6,False,90,11,0
172,62.79719,719.4871,1.25,True,True,True,True,2,0,423,6,False,90,11,0
173,62.50295,720.8918,1.25,True,True,True,True,2,0,425,6,False,90,11,0
174,62.20872,720.8515,1.25,True,True,True,True,2,0,427,6,True,90,11,0
175,62.02083,460.3361,1.25,True,True,True,True,2,2,428,6,True,90,11,0
176,62.02083,225.8495,1.25,True,True,True,True,2,2,429,6,True,90,11,0
177,62.02083,39.66021,1.25,True,True,True,True,2,2,429,6,False,90,11,0
178,62.02083,39.66021,1.25,True,True,True,True,2,0,429,6,False,90,11,0
179,62.02083,39.66021,1.25,True,True,True,True,2,0,431,6,False,90,11,0
180,62.02083,184.4191,1.25,True,True,True,True,2,0,433,6,False,90,11,0
181,61.80494,528.9448,1.25,True,True,True,True,2,0,435,6,False,90,11,0
182,61.49457,760.3997,1.25,True,True,True,True,2,0,437,6,False,90,11,0
183,61.13457,893.6439,1.25,True,True,True,True,2,0,439,6,False,90,11,0
184,60.77457,929.6366,1.25,True,True,True,True,2,0,441,6,False,90,11,0
185,60.41457,926.936,1.25,True,True,True,True,2,0,443,6,False,90,11,0
186,60.05457,905.4532,1.25,True,True,True,True,2,0,445,6,False,90,11,0
187,59.70406,858.7496,1.25,True,True,True,True,2,0,447,6,False,90,11,0
188,59.37831,798.0817,1.25,True,True,True,True,2,0,449,6,False,90,11,0
189,59.07614,740.3202,1.25,True,True,True,True,2,0,451,6,False,90,11,0
190,58.79204,696.0377,1.25,True,True,True,True,2,0,453,6,False,90,11,0
191,58.51995,666.6271,1.25,True,True,True,True,2,0,455,6,False,90,11,0
192,58.25306,653.8708,1.25,True,True,True,True,2,0,457,6,False,90,11,0
193,57.98442,658.181,1.25,True,True,True,True,2,0,459,6,False,90,11,0
194,57.7095,673.546,1.25,True,True,True,True,2,0,461,6,False,90,11,0
195,57.42627,693.916,1.25,True,True,True,True,2,0,463,6,False,90,11,0
196,57.13464,714.5034,1.25,True,True,True,True,2,0,465,6,False,90,11,0
197,56.83611,731.396,1.25,True,True,True,True,2,0,467,6,False,90,11,0
198,56.53308,742.4225,1.25,True,True,True,True,2,0,469,6,False,90,11,0
199,56.22813,747.1079,1.25,True,True,True,True,2,0,471,6,False,90,11,0
200,55.92371,745.8425,1.25,True,True,True,True,2,0,473,6,False,90,11,0
201,55.62131,740.8759,1.25,True,True,True,True,2,0,475,6,False,90,11,0
202,55.32165,734.1662,1.25,True,True,True,True,2,0,477,6,False,90,11,0
203,55.02485,727.1614,1.25,True,True,True,True,2,0,479,6,False,90,11,0
204,54.73038,721.4567,1.25,True,True,True,True,2,0,481,6,False,90,11,0
205,54.43753,717.4852,1.25,True,True,True,True,2,0,483,6,False,90,11,0
206,54.14553,715.4016,1.25,True,True,True,True,2,0,485,6,False,90,11,0
207,53.85358,715.2806,1.25,True,True,True,True,2,0,487,6,False,90,11,0
208,53.56105,716.7047,1.25,True,True,True,True,2,0,489,6,False,90,11,0
209,53.26741,719.4005,1.25,True,True,True,True,2,0,491,6,False,90,11,0
210,52.97279,721.8163,1.25,True,True,True,True,2,0,493,6,False,90,11,0
211,52.67743,723.6398,1.25,True,True,True,True,2,0,495,6,False,90,11,0
212,52.38182,724.2546,1.25,True,True,True,True,2,0,497,6,False,90,11,0
213,52.08596,724.8547,1.25,True,True,True,True,2,0,499,6,False,90,11,0
214,51.78986,725.4288,1.25,True,True,True,True,2,0,501,6,False,90,11,0
215,51.4936,725.8556,1.25,True,True,True,True,2,0,503,6,True,90,11,0
216,51.30396,464.6055,1.25,True,True,True,True,2,2,504,6,True,90,11,0
217,51.30396,233.1884,1.25,True,True,True,True,2,2,505,6,True,90,11,0
218,51.30396,48.76625,1.25,True,True,True,True,2,2,505,6,True,90,11,0
219,51.30396,48.76625,1.25,True,True,True,True,2,2,505,6,False,90,11,0
220,51.30396,48.76625,1.25,True,True,True,True,2,0,507,6,False,90,11,0
221,51.30396,162.4401,1.25,True,True,True,True,2,0,509,6,False,90,11,0
222,51.08843,528.0486,1.25,True,True,True,True,2,0,511,6,False,90,11,0
223,50.77721,762.4953,1.25,True,True,True,True,2,0,513,6,False,90,11,0
224,50.41721,893.8651,1.25,True,True,True,True,2,0,515,6,False,90,11,0
225,50.05721,951.4268,1.25,True,True,True,True,2,0,517,6,False,90,11,0
226,49.6972,947.0546,1.25,True,True,True,True,2,0,519,6,False,90,11,0
227,49.3372,911.3405,1.25,True,True,True,True,2,0,521,6,False,90,11,0
228,48.98716,857.5977,1.25,True,True,True,True,2,0,523,6,False,90,11,0
229,48.66254,795.3179,1.25,True,True,True,True,2,0,525,6,False,90,11,0
230,48.36075,739.3903,1.25,True,True,True,True,2,0,527,6,False,90,11,0
231,48.07638,696.7047,1.25,True,True,True,True,2,0,529,6,False,90,11,0
232,47.80346,668.6526,1.25,True,True,True,True,2,0,531,6,False,90,11,0
233,47.53552,656.4588,1.25,True,True,True,True,2,0,533,6,False,90,11,0
234,47.26588,660.6296,1.25,True,True,True,True,2,0,535,6,False,90,11,0
235,46.99009,675.6823,1.25,True,True,True,True,2,0,537,6,False,90,11,0
236,46.70619,695.5565,1.25,True,True,True,True,2,0,539,6,False,90,11,0
237,46.41395,715.9814,1.25,True,True,True,True,2,0,541,6,False,90,11,0
238,46.1149,732.6846,1.25,True,True,True,True,2,0,543,6,False,90,11,0
239,45.81145,743.4468,1.25,True,True,True,True,2,0,545,6,False,90,11,0
240,45.50606,748.2115,1.25,True,True,True,True,2,0,547,6,False,90,11,0
241,45.20094,747.5432,1.25,True,True,True,True,2,0,549,6,False,90,11,0
242,44.8977,742.9387,1.25,True,True,True,True,2,0,551,6,False,90,11,0
243,44.59725,736.1038,1.25,True,True,True,True,2,0,553,6,False,90,11,0
244,44.29963,729.1646,1.25,True,True,True,True,2,0,555,6,False,90,11,0
245,44.00444,723.2109,1.25,True,True,True,True,2,0,557,6,False,90,11,0
246,43.71098,718.9714,1.25,True,True,True,True,2,0,559,6,False,90,11,0
247,43.41828,717.1331,1.25,True,True,True,True,2,0,561,6,False,90,11,0
248,43.12563,716.9747,1.25,True,True,True,True,2,0,563,6,False,90,11,0
249,42.83234,718.5634,1.25,True,True,True,True,2,0,565,6,False,90,11,0
250,42.53812,720.85,1.25,True,True,True,True,2,0,567,6,False,90,11,0
251,42.243,723.0388,1.25,True,True,True,True,2,0,569,6,False,90,11,0
252,41.94706,725.0562,1.25,True,True,True,True,2,0,571,6,False,90,11,0
253,41.65041,726.811,1.25,True,True,True,True,2,0,573,6,False,90,11,0
254,41.35325,728.0254,1.25,True,True,True,True,2,0,575,6,False,90,11,0
255,41.05593,728.4381,1.25,True,True,True,True,2,0,577,6,False,90,11,0
256,40.75879,727.9846,1.25,True,True,True,True,2,0,579,6,True,90,11,0
257,40.56793,467.6084,1.25,True,True,True,True,2,2,581,6,True,90,11,0
258,40.56793,192.5004,1.25,True,True,True,True,2,2,582,6,True,90,11,0
259,40.56793,13.09223,1.25,True,True,True,True,2,2,582,6,True,90,11,0
260,40.56793,13.09223,1.25,True,True,True,True,2,2,582,6,False,90,11,0
261,40.56793,13.09223,1.25,True,True,True,True,2,0,584,6,False,90,11,0
262,40.56793,168.4811,1.25,True,True,True,True,2,0,586,6,False,90,11,0
263,40.35134,530.6489,1.25,True,True,True,True,2,0,588,6,False,90,11,0
264,40.03914,764.8856,1.25,True,True,True,True,2,0,590,6,False,90,11,0
265,39.67914,894.586,1.25,True,True,True,True,2,0,592,6,False,90,11,0
266,39.31914,949.8195,1.25,True,True,True,True,2,0,594,6,False,90,11,0
267,38.95914,945.0051,1.25,True,True,True,True,2,0,596,6,False,90,11,0
268,38.59914,909.9829,1.25,True,True,True,True,2,0,598,6,False,90,11,0
269,38.25004,855.3022,1.25,True,True,True,True,2,0,600,6,False,90,11,0
270,37.92416,798.4003,1.25,True,True,True,True,2,0,602,6,False,90,11,0
271,37.62095,742.8643,1.25,True,True,True,True,2,0,604,6,False,90,11,0
272,37.33522,700.0475,1.25,True,True,True,True,2,0,606,6,False,90,11,0
273,37.063,666.9371,1.25,True,True,True,True,2,0,608,6,False,90,11,0
274,36.79682,652.1265,1.25,True,True,True,True,2,0,610,6,False,90,11,0
275,36.52885,656.5212,1.25,True,True,True,True,2,0,612,6,False,90,11,0
276,36.25403,673.3199,1.25,True,True,True,True,2,0,614,6,False,90,11,0
277,35.97022,695.3265,1.25,True,True,True,True,2,0,616,6,False,90,11,0
278,35.67746,717.2712,1.25,True,True,True,True,2,0,618,6,False,90,11,0
279,35.37729,735.4159,1.25,True,True,True,True,2,0,620,6,False,90,11,0
280,35.07235,747.0894,1.25,True,True,True,True,2,0,622,6,False,90,11,0
281,34.76553,751.7316,1.25,True,True,True,True,2,0,624,6,False,90,11,0
282,34.45924,750.4139,1.25,True,True,True,True,2,0,626,6,False,90,11,0
283,34.15529,744.6663,1.25,True,True,True,True,2,0,628,6,False,90,11,0
284,33.85461,736.6843,1.25,True,True,True,True,2,0,630,6,False,90,11,0
285,33.55701,729.0991,1.25,True,True,True,True,2,0,632,6,False,90,11,0
286,33.26188,723.0853,1.25,True,True,True,True,2,0,634,6,False,90,11,0
287,32.96827,719.345,1.25,True,True,True,True,2,0,636,6,False,90,11,0
288,32.67537,717.6006,1.25,True,True,True,True,2,0,638,6,False,90,11,0
289,32.38241,717.759,1.25,True,True,True,True,2,0,640,6,False,90,11,0
290,32.08886,719.1979,1.25,True,True,True,True,2,0,642,6,False,90,11,0
291,31.79428,721.7161,1.25,True,True,True,True,2,0,644,6,False,90,11,0
292,31.49859,724.4527,1.25,True,True,True,True,2,0,646,6,False,90,11,0
293,31.20195,726.7659,1.25,True,True,True,True,2,0,648,6,False,90,11,0
294,30.90467,728.3358,1.25,True,True,True,True,2,0,650,6,False,90,11,0
295,30.60707,729.1354,1.25,True,True,True,True,2,0,652,6,False,90,11,0
296,30.30949,729.0747,1.25,True,True,True,True,2,0,654,6,False,90,11,0
297,30.01202,728.7932,1.25,True,True,True,True,2,0,656,6,True,90,11,0
298,29.82289,463.3683,1.25,True,True,True,True,2,2,658,6,True,90,11,0
299,29.82289,187.851,1.25,True,True,True,True,2,2,659,6,True,90,11,0
300,29.82289,14.33329,1.25,True,True,True,True,2,2,659,6,True,90,11,0
301,29.82289,14.33329,1.25,True,True,True,True,2,2,659,6,False,90,11,0
302,29.82289,14.33329,1.25,True,True,True,True,2,0,661,6,False,90,11,0
303,29.82289,163.4548,1.25,True,True,True,True,2,0,663,6,False,90,11,0
304,29.60843,525.4172,1.25,True,True,True,True,2,0,665,6,False,90,11,0
305,29.29459,768.9218,1.25,True,True,True,True,2,0,667,6,False,90,11,0
306,28.93459,899.7002,1.25,True,True,True,True,2,0,669,6,False,90,11,0
307,28.57459,954.6029,1.25,True,True,True,True,2,0,671,6,False,90,11,0
308,28.21459,963.3094,1.25,True,True,True,True,2,0,673,6,False,90,11,0
309,27.85459,927.4146,1.25,True,True,True,True,2,0,675,6,False,90,11,0
310,27.50231,863.0789,1.25,True,True,True,True,2,0,677,6,False,90,11,0
311,27.17826,793.9174,1.25,True,True,True,True,2,0,679,6,False,90,11,0
312,26.87917,732.7711,1.25,True,True,True,True,2,0,681,6,False,90,11,0
313,26.5983,688.1321,1.25,True,True,True,True,2,0,683,6,False,90,11,0
314,26.32886,660.1223,1.25,True,True,True,True,2,0,685,6,False,90,11,0
315,26.06234,652.9755,1.25,True,True,True,True,2,0,687,6,False,90,11,0
316,25.7918,662.8284,1.25,True,True,True,True,2,0,689,6,False,90,11,0
317,25.51321,682.5453,1.25,True,True,True,True,2,0,691,6,False,90,11,0
318,25.22522,705.5756,1.25,True,True,True,True,2,0,693,6,False,90,11,0
319,24.92855,726.8514,1.25,True,True,True,True,2,0,695,6,False,90,11,0
320,24.62537,742.781,1.25,True,True,True,True,2,0,697,6,False,90,11,0
321,24.31858,751.6319,1.25,True,True,True,True,2,0,699,6,False,90,11,0
322,24.01109,753.3705,1.25,True,True,True,True,2,0,701,6,False,90,11,0
323,23.70483,750.3197,1.25,True,True,True,True,2,0,703,6,False,90,11,0
324,23.40093,744.5609,1.25,True,True,True,True,2,0,705,6,False,90,11,0
325,23.09994,737.4209,1.25,True,True,True,True,2,0,707,6,False,90,11,0
326,22.80187,730.2703,1.25,True,True,True,True,2,0,709,6,False,90,11,0
327,22.50613,724.569,1.25,True,True,True,True,2,0,711,6,False,90,11,0
328,22.21179,721.1373,1.25,True,True,True,True,2,0,713,6,False,90,11,0
329,21.91787,720.1035,1.25,True,True,True,True,2,0,715,6,False,90,11,0
330,21.62353,721.1411,1.25,True,True,True,True,2,0,717,6,False,90,11,0
331,21.32835,723.1917,1.25,True,True,True,True,2,0,719,6,False,90,11,0
332,21.03212,725.7536,1.25,True,True,True,True,2,0,721,6,False,90,11,0
333,20.73482,728.3892,1.25,True,True,True,True,2,0,723,6,False,90,11,0
334,20.43671,730.3674,1.25,True,True,True,True,2,0,725,6,False,90,11,0
335,20.13813,731.5148,1.25,True,True,True,True,2,0,727,6,False,90,11,0
336,19.83948,731.7023,1.25,True,True,True,True,2,0,729,6,False,90,11,0
337,19.54095,731.3793,1.25,True,True,True,True,2,0,731,6,False,90,11,0
338,19.24269,730.7476,1.25,True,True,True,True,2,0,733,6,True,90,11,0
339,19.05024,471.493,1.25,True,True,True,True,2,2,735,6,True,90,11,0
340,19.05024,197.3693,1.25,True,True,True,True,2,2,736,6,True,90,11,0
341,19.05024,22.54416,1.25,True,True,True,True,2,2,737,6,False,90,11,0
342,19.05024,102.0816,1.25,True,True,True,True,2,0,739,6,False,90,11,0
343,19.05024,292.0501,1.25,True,True,True,True,2,0,741,6,False,90,11,0
344,18.83183,535.1112,1.25,True,True,True,True,2,0,743,6,False,90,11,0
345,18.54329,706.9271,1.25,True,True,True,True,2,0,745,6,False,90,11,0
346,18.21153,812.8185,1.25,True,True,True,True,2,0,747,6,False,90,11,0
347,17.8533,877.6492,1.25,True,True,True,True,2,0,749,6,False,90,11,0
348,17.4933,900.7299,1.25,True,True,True,True,2,0,751,6,False,90,11,0
349,17.1333,895.8175,1.25,True,True,True,True,2,0,753,6,False,90,11,0
350,16.78522,852.8041,1.25,True,True,True,True,2,0,755,6,False,90,11,0
351,16.45622,806.0454,1.25,True,True,True,True,2,0,757,6,False,90,11,0
352,16.14703,757.5168,1.25,True,True,True,True,2,0,759,6,False,90,11,0
353,15.85654,711.6998,1.25,True,True,True,True,2,0,761,6,False,90,11,0
354,15.57883,680.381,1.25,True,True,True,True,2,0,763,6,False,90,11,0
355,15.30621,667.9171,1.25,True,True,True,True,2,0,765,6,False,90,11,0
356,15.03193,671.9861,1.25,True,True,True,True,2,0,767,6,False,90,11,0
357,14.75279,683.9109,1.25,True,True,True,True,2,0,769,6,False,90,11,0
358,14.46557,703.6894,1.25,True,True,True,True,2,0,771,6,False,90,11,0
359,14.1703,723.4037,1.25,True,True,True,True,2,0,773,6,False,90,11,0
360,13.86924,737.5939,1.25,True,True,True,True,2,0,775,6,False,90,11,0
361,13.56478,745.9343,1.25,True,True,True,True,2,0,777,6,False,90,11,0
362,13.25951,747.9147,1.25,True,True,True,True,2,0,779,6,False,90,11,0
363,12.95547,744.901,1.25,True,True,True,True,2,0,781,6,False,90,11,0
364,12.65398,738.6398,1.25,True,True,True,True,2,0,783,6,False,90,11,0
365,12.35509,732.2745,1.25,True,True,True,True,2,0,785,6,False,90,11,0
366,12.05827,727.2108,1.25,True,True,True,True,2,0,787,6,False,90,11,0
367,11.76301,723.4039,1.25,True,True,True,True,2,0,789,6,False,90,11,0
368,11.4686,721.2936,1.25,True,True,True,True,2,0,791,6,False,90,11,0
369,11.17416,721.3749,1.25,True,True,True,True,2,0,793,6,False,90,11,0
370,10.87889,723.4077,1.25,True,True,True,True,2,0,795,6,False,90,11,0
371,10.58209,727.1611,1.25,True,True,True,True,2,0,797,6,False,90,11,0
372,10.28484,728.2729,1.25,True,True,True,True,2,0,799,6,False,90,11,0
373,9.986301,731.4192,1.25,True,True,True,True,2,0,801,6,False,90,11,0
374,9.687768,731.4063,1.25,True,True,True,True,2,0,803,6,False,90,11,0
375,9.389104,731.727,1.25,True,True,True,True,2,0,805,6,False,90,11,0
376,9.090279,732.1227,1.25,True,True,True,True,2,0,807,6,False,90,11,0
377,8.791534,731.923,1.25,True,True,True,True,2,0,809,6,False,90,11,0
378,8.493114,731.1282,1.25,True,True,True,True,2,0,811,6,True,90,11,0
379,8.301273,470.0112,1.25,True,True,True,True,2,2,813,6,True,90,11,0
380,8.301273,194.9962,1.25,True,True,True,True,2,2,814,6,True,90,11,0
381,8.301273,20.32667,1.25,True,True,True,True,2,2,814,6,True,90,11,0
382,8.301273,20.32667,1.25,True,True,True,True,2,2,814,6,True,90,11,0
383,8.301273,20.32667,1.25,True,True,True,True,2,2,814,6,False,90,11,0
384,8.301273,20.32667,1.25,True,True,True,True,2,0,815,6,False,90,11,0
385,8.301273,22.11325,1.25,True,True,True,True,2,0,816,6,False,90,11,0
386,8.141273,385.5255,1.25,True,True,True,True,1,0,817,7,False,90,11,0
387,7.869652,665.4735,1.25,True,True,True,True,1,0,818,7,False,90,11,0
388,7.525988,841.9766,1.25,True,True,True,True,1,0,819,7,False,90,11,0
389,7.165988,940.2937,1.25,True,True,True,True,1,0,820,7,False,90,11,0
390,6.805989,972.308,1.25,True,True,True,True,1,0,821,7,False,90,11,0
391,6.445989,920.8691,1.25,True,True,True,True,1,0,822,7,False,90,11,0
392,6.099279,849.4392,1.25,True,True,True,True,1,0,823,7,False,90,11,0
393,5.778951,784.8059,1.25,True,True,True,True,1,0,824,7,False,90,11,0
394,5.483086,724.8691,1.25,True,True,True,True,1,0,825,7,False,90,11,0
395,5.205265,680.6613,1.25,True,True,True,True,1,0,826,7,False,90,11,0
396,4.937519,655.978,1.25,True,True,True,True,1,0,827,7,False,90,11,0
397,4.68066,629.3057,1.25,True,True,True,True,1,0,828,7,False,90,11,0
398,4.423483,630.0826,1.25,True,True,True,True,1,0,829,7,False,90,11,0
399,4.154065,660.0752,1.25,True,True,True,True,1,0,830,7,False,90,11,0
400,3.871897,691.3128,1.25,True,True,True,True,1,0,831,7,False,90,11,0
401,3.583955,705.4586,1.25,True,True,True,True,1,0,832,7,False,90,11,0
402,3.296458,704.3677,1.25,True,True,True,True,1,0,833,7,False,90,11,0
403,3.01407,691.8516,1.25,True,True,True,True,1,0,834,7,False,90,11,0
404,2.734758,684.3128,1.25,True,True,True,True,1,0,835,7,False,90,11,0
405,2.457303,679.7669,1.25,True,True,True,True,1,0,836,7,False,90,11,0
406,2.180239,678.8063,1.25,True,True,True,True,1,0,837,7,False,90,11,0
407,1.902677,680.0272,1.25,True,True,True,True,1,0,838,7,False,90,11,0
408,1.624239,682.1735,1.25,True,True,True,True,1,0,839,7,False,90,11,0
409,1.344993,684.1518,1.25,True,True,True,True,1,0,840,7,False,90,11,0
410,1.064812,686.4448,1.25,True,True,True,True,1,0,841,7,False,90,11,0
411,0.7840312,687.9135,1.25,True,True,True,True,1,0,842,7,False,90,11,0
412,0.5026307,689.4313,1.25,True,True,True,True,1,0,843,7,False,90,11,0
413,0.2212721,689.3289,1.25,True,True,True,True,1,0,844,7,False,90,11,0
414,0,688.1895,1.25,True,True,True,False,1,0,847,7,False,90,11,0
