frame,time,grounded,stable,verticalSpeed,motionPhase,action,footPolicy,state,nextState,normalizedTime,nextNormalizedTime,leftIk,rightIk
0,6.667583,0,0,7.731045,Rising,Jump,FlightIkOff,-1269438207,788460410,0.418752,0.001647,0.000000,0.000000
1,6.687474,0,0,7.565084,Rising,Jump,FlightIkOff,-1269438207,788460410,0.438891,0.003405,0.000000,0.000000
2,6.712098,0,0,7.385701,Rising,Jump,FlightIkOff,788460410,0,0.005571,0.000000,0.000000,0.000000
3,6.730257,0,0,7.183002,Rising,Jump,FlightIkOff,788460410,0,0.007151,0.000000,0.000000,0.000000
4,6.746953,0,0,6.954257,Rising,Jump,FlightIkOff,788460410,0,0.008668,0.000000,0.000000,0.000000
5,6.768160,0,0,6.698747,Rising,Jump,FlightIkOff,788460410,0,0.010550,0.000000,0.000000,0.000000
6,6.790420,0,0,6.418254,Rising,Jump,FlightIkOff,788460410,0,0.012467,0.000000,0.000000,0.000000
7,6.806994,0,0,6.116274,Rising,Jump,FlightIkOff,788460410,0,0.013925,0.000000,0.000000,0.000000
8,6.828695,0,0,5.797403,Rising,Jump,FlightIkOff,788460410,0,0.015862,0.000000,0.000000,0.000000
9,6.846720,0,0,5.467550,Rising,Jump,FlightIkOff,788460410,0,0.017424,0.000000,0.000000,0.000000
10,6.871366,0,0,5.132482,Rising,Jump,FlightIkOff,788460410,0,0.019451,0.000000,0.000000,0.000000
11,6.892507,0,0,4.798756,Rising,Jump,FlightIkOff,788460410,0,0.021362,0.000000,0.000000,0.000000
12,6.912312,0,0,4.472168,Rising,Jump,FlightIkOff,788460410,0,0.023094,0.000000,0.000000,0.000000
13,6.934562,0,0,4.157938,Rising,Jump,FlightIkOff,788460410,0,0.024991,0.000000,0.000000,0.000000
14,6.949846,0,0,3.859316,Rising,Jump,FlightIkOff,788460410,0,0.026320,0.000000,0.000000,0.000000
15,6.971676,0,0,3.581020,Rising,Jump,FlightIkOff,788460410,0,0.028309,0.000000,0.000000,0.000000
16,6.991928,0,0,3.323071,Rising,Jump,FlightIkOff,788460410,0,0.030047,0.000000,0.000000,0.000000
17,7.014838,0,0,3.085140,Rising,Jump,FlightIkOff,788460410,0,0.032052,0.000000,0.000000,0.000000
18,7.028055,0,0,2.862259,Rising,Jump,FlightIkOff,788460410,0,0.033339,0.000000,0.000000,0.000000
19,7.047018,0,0,2.652285,Rising,Jump,FlightIkOff,788460410,0,0.035015,0.000000,0.000000,0.000000
20,7.071913,0,0,2.452800,Rising,Jump,FlightIkOff,788460410,0,0.037177,0.000000,0.000000,0.000000
21,7.089815,0,0,2.255525,Rising,Jump,FlightIkOff,788460410,0,0.038757,0.000000,0.000000,0.000000
22,7.108117,0,0,2.054323,Rising,Jump,FlightIkOff,788460410,0,0.040384,0.000000,0.000000,0.000000
23,7.128594,0,0,1.843981,Rising,Jump,FlightIkOff,788460410,0,0.042172,0.000000,0.000000,0.000000
24,7.151195,0,0,1.619376,Rising,Jump,FlightIkOff,788460410,0,0.043871,0.000000,0.000000,0.000000
25,7.174510,0,0,1.376880,Rising,Jump,FlightIkOff,788460410,0,0.046118,0.000000,0.000000,0.000000
26,7.188650,0,0,1.112893,Rising,Jump,FlightIkOff,788460410,0,0.047375,0.000000,0.000000,0.000000
27,7.217551,0,0,0.827809,Rising,Jump,FlightIkOff,788460410,0,0.049450,0.000000,0.000000,0.000000
28,7.243719,0,0,0.202211,Apex,Fall,FlightIkOff,788460410,0,0.051768,0.000000,0.000000,0.000000
29,7.271927,0,0,-0.128466,Apex,Fall,FlightIkOff,788460410,1914514016,0.054678,0.001789,0.000000,0.000000
30,7.291308,0,0,-0.462086,Falling,Fall,FlightIkOff,788460410,1914514016,0.056456,0.003567,0.000000,0.000000
31,7.311415,0,0,-0.790887,Falling,Fall,FlightIkOff,1914514016,0,0.005358,0.000000,0.000000,0.000000
32,7.330163,0,0,-1.106635,Falling,Fall,FlightIkOff,1914514016,0,0.007046,0.000000,0.000000,0.000000
33,7.349146,0,0,-1.403256,Falling,Fall,FlightIkOff,1914514016,0,0.008722,0.000000,0.000000,0.000000
34,7.370704,0,0,-1.677483,Falling,Fall,FlightIkOff,1914514016,0,0.010508,0.000000,0.000000,0.000000
35,7.389574,0,0,-1.927351,Falling,Fall,FlightIkOff,1914514016,0,0.012232,0.000000,0.000000,0.000000
36,7.408173,0,0,-2.154640,Falling,Fall,FlightIkOff,1914514016,0,0.013839,0.000000,0.000000,0.000000
37,7.428375,0,0,-2.363760,Falling,Fall,FlightIkOff,1914514016,0,0.015580,0.000000,0.000000,0.000000
38,7.446638,0,0,-2.560445,Falling,Fall,FlightIkOff,1914514016,0,0.017331,0.000000,0.000000,0.000000
39,7.470769,0,0,-2.751786,Falling,Fall,FlightIkOff,1914514016,0,0.019422,0.000000,0.000000,0.000000
40,7.489317,0,0,-2.948588,Falling,Fall,FlightIkOff,1914514016,0,0.021024,0.000000,0.000000,0.000000
41,7.506846,0,0,-3.157830,Falling,Fall,FlightIkOff,1914514016,0,0.022594,0.000000,0.000000,0.000000
42,7.529536,0,0,-3.385106,Falling,Fall,FlightIkOff,1914514016,0,0.024610,0.000000,0.000000,0.000000
43,7.547022,0,0,-3.635011,Falling,Fall,FlightIkOff,1914514016,0,0.026129,0.000000,0.000000,0.000000
44,7.571682,0,0,-3.908392,Falling,Fall,FlightIkOff,1914514016,0,0.028309,0.000000,0.000000,0.000000
45,7.590141,0,0,-4.203564,Falling,Fall,FlightIkOff,1914514016,0,0.029910,0.000000,0.000000,0.000000
46,7.607940,0,0,-4.516296,Falling,Fall,FlightIkOff,1914514016,0,0.031422,0.000000,0.000000,0.000000
47,7.633210,0,0,-4.839403,PreLanding,Fall,FlightIkOff,1914514016,-2088600265,0.033598,0.177642,0.000000,0.000000
48,7.651606,0,0,-5.165501,PreLanding,Fall,FlightIkOff,1914514016,-2088600265,0.035261,0.186500,0.000000,0.000000
49,7.670448,0,0,-5.485682,PreLanding,Fall,FlightIkOff,1914514016,-2088600265,0.036987,0.195696,0.000000,0.000000
50,7.688557,0,0,-5.792424,PreLanding,Fall,FlightIkOff,1914514016,-2088600265,0.038608,0.204333,0.000000,0.000000
51,7.706712,0,0,-6.080242,PreLanding,Fall,FlightIkOff,-2088600265,0,0.212551,0.000000,0.000000,0.000000
52,7.731341,0,0,-6.344890,PreLanding,Fall,FlightIkOff,-2088600265,0,0.223516,0.000000,0.000000,0.000000
53,7.749531,0,0,-6.587325,PreLanding,Fall,FlightIkOff,-2088600265,0,0.232564,0.000000,0.000000,0.000000
54,7.767822,0,0,-6.810009,PreLanding,Fall,FlightIkOff,-2088600265,0,0.241212,0.000000,0.000000,0.000000
55,7.787131,0,0,-7.018210,PreLanding,Fall,FlightIkOff,-2088600265,0,0.250030,0.000000,0.000000,0.000000
56,7.811888,1,1,-6.589597,LandingContact,HardLandingBrace,BraceBoth,-2088600265,1655689423,0.261190,0.256690,0.014110,0.014110
57,7.829294,1,1,-6.229042,LandingRecovery,HardLandingBrace,BraceBoth,-2088600265,1655689423,0.270191,0.264371,0.062116,0.062116
58,7.847197,1,1,-4.866929,LandingRecovery,HardLandingBrace,BraceBoth,-2088600265,1655689423,0.278618,0.271562,0.107064,0.107064
59,7.871202,1,1,-0.017916,LandingRecovery,HardLandingBrace,BraceBoth,1655689423,0,0.281012,0.000000,0.166123,0.166123
60,7.889731,1,1,-0.061978,LandingRecovery,HardLandingBrace,BraceBoth,1655689423,0,0.288491,0.000000,0.212869,0.212869
61,7.906512,1,1,-0.044788,LandingRecovery,HardLandingBrace,BraceBoth,1655689423,0,0.295205,0.000000,0.254833,0.254833
62,7.929073,1,1,0.141779,LandingRecovery,HardLandingBrace,BraceBoth,1655689423,0,0.304509,0.000000,0.312980,0.312980
63,7.945941,1,1,0.141098,LandingRecovery,HardLandingBrace,BraceBoth,1655689423,0,0.311309,0.000000,0.355479,0.355479
64,7.968320,1,1,0.133531,LandingRecovery,HardLandingBrace,BraceBoth,1655689423,0,0.320053,0.000000,0.410129,0.410129
65,7.990862,1,1,0.153308,LandingRecovery,HardLandingBrace,BraceBoth,1655689423,0,0.328942,0.000000,0.465690,0.465690
66,8.008733,1,1,0.124834,LandingRecovery,HardLandingBrace,BraceBoth,1655689423,0,0.336088,0.000000,0.510352,0.510352
67,8.031029,1,1,0.092161,LandingRecovery,HardLandingBrace,BraceBoth,1655689423,0,0.345035,0.000000,0.566266,0.566266
68,8.047660,1,1,-0.020493,LandingRecovery,HardLandingBrace,BraceBoth,1655689423,0,0.351897,0.000000,0.609157,0.609157
69,8.070969,1,1,-0.173585,LandingRecovery,HardLandingBrace,BraceBoth,1655689423,0,0.360965,0.000000,0.665831,0.665831
70,8.088675,1,1,-0.286639,LandingRecovery,HardLandingBrace,BraceBoth,1655689423,0,0.368211,0.000000,0.711121,0.711121
71,8.108285,1,1,-0.468576,LandingRecovery,HardLandingBrace,BraceBoth,1655689423,0,0.375446,0.000000,0.756336,0.756336
72,8.125946,1,1,-0.648425,LandingRecovery,HardLandingBrace,BraceBoth,1655689423,0,0.383174,0.000000,0.804639,0.804639
73,8.151994,1,1,-0.898954,LandingRecovery,HardLandingBrace,BraceBoth,1655689423,0,0.393164,0.000000,0.867074,0.867074
74,8.171567,1,1,0.094235,LocomotionLoop,HitRecoil,DefaultContact,1655689423,0,0.401297,0.000000,0.917907,0.917907
75,8.190159,1,1,0.137068,LocomotionLoop,HitRecoil,DefaultContact,1655689423,-1269438207,0.408581,0.409425,0.872381,0.872381
76,8.215051,1,1,-0.167922,LocomotionLoop,HitRecoil,DefaultContact,1655689423,-1269438207,0.416060,0.427981,0.825642,0.825642
77,8.239178,1,1,-0.222555,LocomotionLoop,HitRecoil,DefaultContact,1655689423,-1269438207,0.426999,0.455230,0.757270,0.757270
78,8.254446,1,1,0.220072,LocomotionLoop,HitRecoil,DefaultContact,-1269438207,0,0.472219,0.000000,0.714755,0.714755
79,8.267212,1,1,0.187644,LocomotionLoop,HitRecoil,DefaultContact,-1269438207,0,0.485896,0.000000,0.680495,0.680495
80,8.292295,1,1,0.047204,LocomotionLoop,HitRecoil,DefaultContact,-1269438207,0,0.510304,0.000000,0.618816,0.618816
81,8.310364,1,1,-0.054529,LocomotionLoop,HitRecoil,DefaultContact,-1269438207,0,0.528424,0.000000,0.572359,0.572359
82,8.327952,1,1,-0.090745,LocomotionLoop,HitRecoil,DefaultContact,-1269438207,0,0.545637,0.000000,0.527686,0.527686
83,8.350556,1,1,-0.155567,LocomotionLoop,HitRecoil,DefaultContact,-1269438207,0,0.568080,0.000000,0.468719,0.468719
84,8.369649,1,1,-0.272150,LocomotionLoop,HitRecoil,DefaultContact,-1269438207,0,0.584542,0.000000,0.425012,0.425012
85,8.387434,1,1,-0.409693,LocomotionLoop,HitRecoil,DefaultContact,-1269438207,0,0.601915,0.000000,0.378553,0.378553
86,8.410657,1,1,-0.525944,LocomotionLoop,HitRecoil,DefaultContact,-1269438207,0,0.623518,0.000000,0.320442,0.320442
87,8.428000,1,1,-0.254102,LocomotionLoop,HitRecoil,DefaultContact,-1269438207,0,0.639542,0.000000,0.277183,0.277183
88,8.450997,1,1,-0.206729,LocomotionLoop,HitRecoil,DefaultContact,-1269438207,0,0.660921,0.000000,0.219310,0.219310
89,8.468608,1,1,-0.202378,LocomotionLoop,HitRecoil,DefaultContact,-1269438207,0,0.677037,0.000000,0.175560,0.175560
90,8.491848,1,1,-0.202531,LocomotionLoop,HitRecoil,DefaultContact,-1269438207,0,0.698098,0.000000,0.118247,0.118247
91,8.509000,1,1,-0.202005,LocomotionLoop,HitRecoil,DefaultContact,-1269438207,0,0.714241,0.000000,0.074234,0.074234
