frame,time,dt,speed,gaitRate,leftIkWeight,rightIkWeight,pelvis,leftLocked,rightLocked,supportId,supportGeneration,leftX,leftY,leftZ,rightX,rightY,rightZ,leftKneeX,leftKneeY,leftKneeZ,rightKneeX,rightKneeY,rightKneeZ,leftReason,rightReason,animatorState,normalizedTime,authoredAction,footPolicy,bodyPitch,bodyYaw,bodyRoll
0,1.046431,0.121876,0.00000,0.00000,0.28000,0.00000,-0.06404,0,0,1785933915,1,-0.006857,0.094144,0.007961,-0.089452,0.219249,-0.059892,0.775153,-0.631582,-0.015589,0.217045,-0.820390,-0.529010,Stance,InvalidSurface,-1269438207,0.000000,Locomotion,DefaultContact,0.22688,0.00000,0.13510
1,1.072788,0.026357,0.00000,0.00000,0.00000,0.00000,-0.01930,0,0,1785933915,1,-0.100600,0.212250,0.181747,-0.098963,0.362260,0.031006,0.407426,-0.891650,0.197396,-0.227935,-0.962230,-0.148860,Swing,Swing,-1269438207,0.000000,Locomotion,DefaultContact,-1.04119,-0.00031,0.28173
2,1.091392,0.018604,0.00000,0.00000,0.00000,0.00000,-0.01206,0,0,1785933915,1,-0.147921,0.222937,0.215285,-0.105532,0.378288,0.047086,0.203973,-0.913851,0.351100,-0.312972,-0.948462,-0.049683,Swing,Swing,-1269438207,0.000000,Locomotion,DefaultContact,-2.10818,-0.00057,0.33135
3,1.111090,0.019698,0.00000,0.00000,0.00000,0.00000,-0.00855,0,0,1785933915,1,-0.179632,0.229647,0.236018,-0.107076,0.380451,0.053779,0.068251,-0.893008,0.444835,-0.321354,-0.946674,-0.023234,Swing,Swing,-1269438207,0.000000,Locomotion,DefaultContact,-2.82551,-0.00079,0.34525
4,1.132471,0.021381,0.00000,0.00000,0.00000,0.00000,-0.00589,0,0,1785933915,1,-0.210118,0.232103,0.254499,-0.105330,0.369686,0.055301,-0.060858,-0.848003,0.526486,-0.266621,-0.962407,-0.051829,Swing,Swing,-1269438207,0.000000,Locomotion,DefaultContact,-3.50631,-0.00105,0.33938
5,1.209766,0.077295,0.00000,0.00000,0.00000,0.00000,-0.00389,0,0,1785933915,1,-0.239222,0.233673,0.269432,-0.105238,0.341161,0.054033,-0.182714,-0.780986,0.597224,-0.154449,-0.979823,-0.126855,InvalidSurface,Swing,-1269438207,0.000000,Locomotion,DefaultContact,-4.00058,-0.00136,0.32500
6,1.230580,0.020814,0.00000,0.00000,0.00000,0.00000,-0.00088,0,0,1785933915,1,-0.308091,0.260784,0.288833,-0.069084,0.199553,0.013732,-0.473898,-0.495838,0.727713,0.234658,-0.894248,-0.381125,Swing,InvalidSurface,-1269438207,0.000000,Locomotion,DefaultContact,-3.90151,-0.00222,0.29001
7,1.251227,0.020648,0.00000,0.00000,0.00000,0.00000,-0.00057,0,0,1785933915,1,-0.337767,0.349609,0.290384,-0.081824,0.163275,0.025390,-0.571443,-0.311729,0.759130,0.159947,-0.933977,-0.319537,InvalidSurface,Swing,-1269438207,0.000000,Locomotion,DefaultContact,-3.66222,-0.00257,0.27816
8,1.272609,0.021382,0.00000,0.00000,0.00000,0.00000,-0.00037,0,0,1785933915,1,-0.357158,0.413253,0.284920,-0.071003,0.140384,0.018003,-0.627229,-0.165488,0.761051,0.179680,-0.927385,-0.328135,Swing,Swing,-1269438207,0.000000,Locomotion,DefaultContact,-3.25532,-0.00289,0.23553
9,1.291764,0.019155,0.00000,0.00000,0.00000,0.00000,-0.00024,0,0,1785933915,1,-0.366035,0.449074,0.277873,-0.068389,0.124875,0.018406,-0.660113,-0.047866,0.749640,0.167048,-0.934621,-0.313972,Swing,Swing,-1269438207,0.000000,Locomotion,DefaultContact,-3.00540,-0.00222,0.19123
10,1.308497,0.016733,0.00000,0.00000,0.00000,0.00000,-0.00016,0,0,1785933915,1,-0.366470,0.476172,0.269739,-0.067836,0.104350,0.021708,-0.669085,-0.018306,0.742961,0.131233,-0.949825,-0.283920,InvalidSurface,Swing,-1269438207,0.000000,Locomotion,DefaultContact,-3.08883,0.00011,-0.05147
11,1.325260,0.016762,0.00000,0.00000,0.00000,0.00000,-0.00011,0,0,1785933915,1,-0.355240,0.492451,0.259843,-0.070360,0.080676,0.029952,-0.657492,-0.089426,0.748136,0.064295,-0.970877,-0.230791,InvalidSurface,Swing,-1269438207,0.000000,Locomotion,DefaultContact,-3.44526,0.00339,-0.24578
12,1.342064,0.016804,0.00000,0.00000,0.00000,0.00000,-0.00008,0,0,1785933915,1,-0.345753,0.500394,0.252378,-0.066810,0.051803,0.037123,-0.649098,-0.133348,0.748926,-0.019249,-0.986310,-0.163773,InvalidSurface,Swing,-1269438207,0.000000,Locomotion,DefaultContact,-3.84699,0.00749,-0.28174
13,1.362700,0.020636,0.00000,0.00000,0.00000,0.00000,-0.00005,0,0,1785933915,1,-0.349511,0.486595,0.258226,-0.085669,0.070648,0.047028,-0.648718,-0.146147,0.746864,-0.026051,-0.987746,-0.153883,InvalidSurface,Swing,-1269438207,0.000000,MagicCast,DefaultContact,-3.80032,0.01046,-0.26820
14,1.379709,0.017009,0.00000,0.00000,0.00000,0.00000,-0.00004,0,0,1785933915,1,-0.390897,0.442786,0.187575,-0.057227,0.046208,-0.021292,-0.778514,-0.304519,0.548803,0.068175,-0.987747,-0.140389,Swing,Swing,-1269438207,0.000000,MagicCast,DefaultContact,-3.22326,0.01135,-0.26493
15,1.394199,0.014490,0.00000,0.00000,0.00000,0.00000,-0.00002,0,0,1785933915,1,-0.406769,0.395298,0.129681,-0.021390,0.033040,-0.048171,-0.783929,-0.447355,0.430498,0.121126,-0.986713,-0.108290,Swing,Swing,-1269438207,0.000000,MagicCast,DefaultContact,-2.85876,0.01086,-0.30818
16,1.411822,0.017623,0.00000,0.00000,0.00000,0.00000,-0.00002,0,0,1785933915,1,-0.407588,0.349826,0.082956,0.007219,0.025276,-0.056288,-0.749695,-0.552851,0.363748,0.150929,-0.985526,-0.077194,Swing,Swing,-1269438207,0.000000,MagicCast,DefaultContact,-2.56642,0.01000,-0.35006
17,1.432474,0.020652,0.00000,0.00000,0.00000,0.00000,-0.00001,0,0,1785933915,1,-0.392371,0.291105,0.031877,0.035472,0.018777,-0.055425,-0.687456,-0.654081,0.315568,0.172873,-0.984112,-0.040483,Swing,Swing,-1269438207,0.000000,MagicCast,DefaultContact,-1.91374,0.00871,-0.44280
18,1.452405,0.019931,0.00000,0.00000,0.00000,0.00000,-0.00001,0,0,1785933915,1,-0.355662,0.221996,-0.018257,0.059090,0.013901,-0.047310,-0.608831,-0.738521,0.289677,0.185795,-0.982582,-0.003529,Swing,Swing,-1269438207,0.000000,MagicCast,DefaultContact,-0.95895,0.00716,-0.57968
19,1.468749,0.016344,0.00000,0.00000,0.00000,0.00000,-0.00001,0,0,1785933915,1,-0.304378,0.158568,-0.055554,0.074112,0.010933,-0.037308,-0.540204,-0.792463,0.283163,0.190291,-0.981400,0.025345,Swing,Swing,-1269438207,0.000000,MagicCast,DefaultContact,-0.02564,0.00577,-0.68286
20,1.483335,0.014586,0.00000,0.00000,0.04086,0.04086,0.00000,0,0,1785933915,1,-0.256846,0.107338,-0.062862,0.067970,0.012936,-0.065724,-0.499966,-0.810946,0.303974,0.152854,-0.987093,-0.047792,Stance,Stance,-1269438207,0.000000,MagicCast,DefaultContact,0.70348,0.00477,-0.75416
21,1.501120,0.017785,0.00000,0.00000,0.07733,0.07733,-0.00319,0,0,1785933915,1,-0.244617,0.094413,-0.055896,0.060028,0.014030,-0.092689,-0.484040,-0.817600,0.311827,0.118470,-0.985886,-0.118295,Stance,Stance,-1269438207,0.000000,MagicCast,DefaultContact,1.21331,0.00399,-0.80538
22,1.521815,0.020694,0.00000,0.00000,0.12179,0.12179,-0.01228,0,0,1785933915,1,-0.237502,0.081435,-0.050192,0.049204,0.016543,-0.124356,-0.480960,-0.819864,0.310645,0.078470,-0.976066,-0.202823,Stance,Stance,-1269438207,0.000000,MagicCast,DefaultContact,1.51076,0.00318,-0.85064
23,1.538830,0.017015,0.00000,0.00000,0.17352,0.17352,-0.02564,0,0,1785933915,1,-0.235521,0.068774,-0.047177,0.037472,0.020234,-0.156651,-0.488564,-0.820258,0.297460,0.037982,-0.956337,-0.289787,Stance,Stance,-1269438207,0.000000,MagicCast,DefaultContact,1.52244,0.00241,-0.89168
24,1.554746,0.015916,0.00000,0.00000,0.21606,0.21606,-0.03654,0,0,1785933915,1,-0.236462,0.059667,-0.044591,0.028723,0.023080,-0.177226,-0.497201,-0.819430,0.285178,0.009260,-0.938046,-0.346386,Stance,Stance,-1269438207,0.000000,MagicCast,DefaultContact,1.38838,0.00191,-0.91901
25,1.572523,0.017777,0.00000,0.00000,0.25585,0.25585,-0.04559,0,0,1785933915,1,-0.238120,0.052625,-0.047268,0.021665,0.028177,-0.197627,-0.506245,-0.821901,0.261141,-0.013656,-0.916083,-0.400757,Stance,Stance,-1269438207,0.000000,MagicCast,DefaultContact,1.21722,0.00153,-0.94018
26,1.587745,0.015222,0.00000,0.00000,0.30029,0.30029,-0.05403,0,0,1785933915,1,-0.239476,0.045454,-0.050923,0.015357,0.033598,-0.215932,-0.512869,-0.826474,0.232179,-0.034296,-0.892477,-0.449788,Stance,Stance,-1269438207,0.000000,MagicCast,DefaultContact,1.02739,0.00119,-0.95957
27,1.606285,0.018540,0.00000,0.00000,0.33835,0.33835,-0.05986,0,0,1785933915,1,-0.239737,0.039743,-0.054895,0.011220,0.037941,-0.228790,-0.514911,-0.832342,0.205118,-0.048257,-0.873616,-0.484218,Stance,Stance,-1269438207,0.000000,MagicCast,DefaultContact,0.88605,0.00095,-0.97317
28,1.624498,0.018213,0.00000,0.00000,0.38470,0.38470,-0.06541,0,0,1785933915,1,-0.238793,0.033042,-0.059309,0.007262,0.042231,-0.240839,-0.512521,-0.841112,0.172779,-0.062149,-0.853818,-0.516850,Stance,Stance,-1269438207,0.000000,MagicCast,DefaultContact,0.75150,0.00072,-0.98667
29,1.641948,0.017451,0.00000,0.00000,0.43023,0.43023,-0.06950,0,0,1785933915,1,-0.236062,0.026452,-0.063386,0.004834,0.044792,-0.249006,-0.504285,-0.851883,0.141395,-0.071844,-0.838900,-0.539523,Stance,Stance,-1269438207,0.000000,MagicCast,DefaultContact,0.65946,0.00055,-0.99724
30,1.659486,0.017538,0.00000,0.00000,0.47386,0.47386,-0.07240,0,0,1785933915,1,-0.231952,0.020170,-0.066987,0.003452,0.046020,-0.254399,-0.491601,-0.863601,0.111905,-0.078625,-0.828087,-0.555059,Stance,Stance,-1269438207,0.000000,MagicCast,DefaultContact,0.60430,0.00042,-1.00533
31,1.676977,0.017491,0.00000,0.00000,0.51770,0.51770,-0.07454,0,0,1785933915,1,-0.226351,0.013566,-0.068402,0.002866,0.044868,-0.256086,-0.474028,-0.876185,0.087166,-0.083301,-0.823024,-0.561865,Stance,Stance,-1269438207,0.000000,MagicCast,DefaultContact,0.57286,0.00032,-1.01177
32,1.693066,0.016089,0.00000,0.00000,0.56143,0.56143,-0.07611,0,0,1785933915,1,-0.219453,0.007284,-0.071057,0.003138,0.043546,-0.257421,-0.452815,-0.889600,0.059753,-0.085777,-0.818967,-0.567394,Stance,Stance,-1269438207,0.000000,MagicCast,DefaultContact,0.55924,0.00025,-1.01684
33,1.711422,0.018356,0.00000,0.00000,0.60165,0.60165,-0.07716,0,0,1785933915,1,-0.212067,0.001566,-0.072866,0.003992,0.041278,-0.257111,-0.430163,-0.902031,0.036043,-0.086549,-0.817902,-0.568811,Stance,Stance,-1269438207,0.000000,MagicCast,DefaultContact,0.55996,0.00019,-1.02054
34,1.730200,0.018778,0.00000,0.00000,0.64754,0.64754,-0.07802,0,0,1785933915,1,-0.200497,0.000590,-0.073415,0.005437,0.037686,-0.255213,-0.414315,-0.907778,0.065436,-0.086263,-0.819266,-0.566889,Stance,Stance,-1269438207,0.000000,MagicCast,DefaultContact,0.57291,0.00014,-1.02388
35,1.746322,0.016122,0.00000,0.00000,0.69449,0.69449,-0.07864,0,0,1785933915,1,-0.187638,0.001306,-0.072646,0.007400,0.033140,-0.251885,-0.398139,-0.911171,0.106075,-0.084813,-0.822910,-0.561806,Stance,Stance,-1269438207,0.000000,MagicCast,DefaultContact,0.59530,0.00011,-1.02652
36,1.764437,0.018115,0.00000,0.00000,0.73479,0.73479,-0.07902,0,0,1785933915,1,-0.176873,0.000603,-0.071644,0.009415,0.028752,-0.248184,-0.379963,-0.916171,0.127513,-0.082802,-0.827321,-0.555593,Stance,Stance,-1269438207,0.000000,MagicCast,DefaultContact,0.61901,0.00008,-1.02829
37,1.779528,0.015091,0.00000,0.00000,0.78008,0.78008,-0.07932,0,0,1785933915,1,-0.164674,-0.000541,-0.069966,0.011961,0.023338,-0.243070,-0.357407,-0.922178,0.147810,-0.079908,-0.833570,-0.546604,Stance,Stance,-1269438207,0.000000,MagicCast,DefaultContact,0.64840,0.00006,-1.02987
38,1.794479,0.014951,0.00000,0.00000,0.81781,0.81781,-0.07950,0,0,1785933915,1,-0.154377,-0.001595,-0.067880,0.014260,0.018359,-0.237834,-0.337340,-0.926984,0.164018,-0.077113,-0.839977,-0.537114,Stance,Stance,-1269438207,0.000000,MagicCast,DefaultContact,0.67300,0.00005,-1.03089
39,1.812135,0.017656,0.00000,0.00000,0.85518,0.85518,-0.07964,0,0,1785933915,1,-0.144071,-0.002516,-0.066170,0.016714,0.013580,-0.232667,-0.316703,-0.931708,0.177822,-0.073962,-0.846138,-0.527806,Stance,Stance,-1269438207,0.000000,MagicCast,DefaultContact,0.69654,0.00004,-1.03170
40,1.827457,0.015321,0.00000,0.00000,0.89933,0.89933,-0.07975,0,0,1785933915,1,-0.132992,-0.003536,-0.064063,0.019762,0.007768,-0.225945,-0.293792,-0.936522,0.191347,-0.069937,-0.853959,-0.515619,Stance,Stance,-1269438207,0.000000,MagicCast,DefaultContact,0.72324,0.00003,-1.03244
41,1.841193,0.013737,0.00000,0.00000,0.93763,0.93763,-0.07982,0,0,1785933915,1,-0.125683,-0.004388,-0.062624,0.022526,0.002702,-0.219719,-0.278080,-0.939827,0.198488,-0.066206,-0.860968,-0.504332,Stance,Stance,-1269438207,0.000000,MagicCast,DefaultContact,0.74511,0.00002,-1.03296
42,1.856584,0.015390,0.00000,0.00000,0.97197,0.97197,-0.07986,0,0,1785933915,1,-0.120852,-0.005137,-0.061657,0.025088,-0.001839,-0.213842,-0.267314,-0.942220,0.201903,-0.062701,-0.867379,-0.493683,Stance,Stance,-1269438207,0.000000,MagicCast,DefaultContact,0.76360,0.00002,-1.03334
43,1.873334,0.016750,0.00000,0.00000,1.00000,1.00000,-0.07990,0,0,1785933915,1,-0.116945,-0.005743,-0.060590,0.028054,-0.006838,-0.206577,-0.258571,-0.943922,0.205312,-0.057921,-0.875542,-0.479657,Stance,Stance,-1269438207,0.000000,MagicCast,DefaultContact,0.78271,0.00001,-1.03368
44,1.891243,0.017909,0.00000,0.00000,1.00000,1.00000,-0.07993,0,0,1785933915,1,-0.113984,-0.005621,-0.059892,0.031425,-0.011535,-0.198222,-0.252705,-0.944401,0.210350,-0.050463,-0.885893,-0.461136,Stance,Stance,-1269438207,0.000000,MagicCast,DefaultContact,0.80142,0.00001,-1.03397
45,1.907039,0.015796,0.00000,0.00000,1.00000,1.00000,-0.07995,0,0,1785933915,1,-0.111939,-0.005536,-0.059371,0.035134,-0.016475,-0.188862,-0.248628,-0.944699,0.213841,-0.042256,-0.896807,-0.440399,Stance,Stance,-1269438207,0.000000,MagicCast,DefaultContact,0.81925,0.00001,-1.03421
46,1.921631,0.014593,0.00000,0.00000,1.00000,1.00000,-0.07997,0,0,1785933915,1,-0.110774,-0.005487,-0.059067,0.038495,-0.020735,-0.180273,-0.246309,-0.944852,0.215840,-0.034818,-0.906219,-0.421372,Stance,Stance,-1269438207,0.000000,MagicCast,DefaultContact,0.83323,0.00001,-1.03437
47,1.935952,0.014321,0.00000,0.00000,1.00000,1.00000,-0.07998,0,0,1785933915,1,-0.110047,-0.005454,-0.058867,0.041704,-0.023545,-0.171601,-0.244873,-0.944931,0.217124,-0.024846,-0.917572,-0.396792,Stance,Stance,-1269438207,0.000000,MagicCast,DefaultContact,0.84481,0.00000,-1.03450
48,1.952008,0.016055,0.00000,0.00000,1.00000,1.00000,-0.07998,0,0,1785933915,1,-0.109545,-0.005444,-0.058624,0.044980,-0.023157,-0.161492,-0.243867,-0.944934,0.218241,-0.006240,-0.935763,-0.352575,Stance,Stance,-1269438207,0.000000,MagicCast,DefaultContact,0.85493,0.00000,-1.03460
49,1.968707,0.016700,0.00000,0.00000,1.00000,1.00000,-0.07999,0,0,1785933915,1,-0.109163,-0.005427,-0.058515,0.048644,-0.022697,-0.150257,-0.243130,-0.944959,0.218951,0.014183,-0.952898,-0.302959,Stance,Stance,-1269438207,0.000000,MagicCast,DefaultContact,0.86490,0.00000,-1.03469
50,1.983395,0.014687,0.00000,0.00000,1.00000,1.00000,-0.07999,0,0,1785933915,1,-0.108932,-0.005360,-0.058743,0.052418,-0.022140,-0.138891,-0.242754,-0.945091,0.218800,0.034804,-0.967044,-0.252221,Stance,Stance,-1269438207,0.000000,MagicCast,DefaultContact,0.87446,0.00000,-1.03481
51,2.000966,0.017571,0.00000,0.00000,1.00000,1.00000,-0.07999,0,0,1785933915,1,-0.108761,-0.005349,-0.058575,0.055760,-0.021748,-0.128530,-0.242431,-0.945020,0.219462,0.052771,-0.976899,-0.207081,Stance,Stance,-1269438207,0.000000,MagicCast,DefaultContact,0.88236,0.00000,-1.03501
52,2.020649,0.019683,0.00000,0.00000,1.00000,1.00000,-0.08000,0,0,1785933915,1,-0.108611,-0.005350,-0.058412,0.059760,-0.021290,-0.116134,-0.242146,-0.944952,0.220071,0.073557,-0.985337,-0.153951,Stance,Stance,-1269438207,0.000000,MagicCast,DefaultContact,0.89086,0.00000,-1.03530
53,2.036508,0.015858,0.00000,0.00000,1.00000,1.00000,-0.08000,0,0,1785933915,1,-0.108493,-0.005352,-0.058282,0.064242,-0.020777,-0.102246,-0.241919,-0.944900,0.220543,0.095778,-0.990768,-0.095944,Stance,Stance,-1269438207,0.000000,MagicCast,DefaultContact,0.89901,0.00000,-1.03561
54,2.052169,0.015661,0.00000,0.00000,1.00000,1.00000,-0.08000,0,0,1785933915,1,-0.108417,-0.005354,-0.058204,0.067863,-0.020364,-0.091049,-0.241768,-0.944875,0.220814,0.112430,-0.992375,-0.050508,Stance,Stance,-1269438207,0.000000,MagicCast,DefaultContact,0.90449,0.00000,-1.03583
55,2.069456,0.017287,0.00000,0.00000,1.00000,1.00000,-0.08000,0,0,1785933915,1,-0.108370,-0.005352,-0.058159,0.071428,-0.019956,-0.080002,-0.241679,-0.944858,0.220985,0.127920,-0.991759,-0.007077,Stance,Stance,-1269438207,0.000000,MagicCast,DefaultContact,0.90904,0.00000,-1.03601
56,2.084588,0.015132,0.00000,0.00000,1.00000,1.00000,-0.08000,0,0,1785933915,1,-0.108330,-0.005353,-0.058125,0.075365,-0.019508,-0.067806,-0.241606,-0.944845,0.221120,0.143940,-0.988821,0.038919,Stance,Stance,-1269438207,0.000000,MagicCast,DefaultContact,0.91318,0.00000,-1.03617
57,2.099353,0.014765,0.00000,0.00000,1.00000,1.00000,-0.08000,0,0,1785933915,1,-0.108304,-0.005352,-0.058106,0.078810,-0.019111,-0.057133,-0.241560,-0.944838,0.221202,0.157018,-0.984560,0.077377,Stance,Stance,-1269438207,0.000000,MagicCast,DefaultContact,0.91614,0.00000,-1.03630
58,2.118090,0.018737,0.00000,0.00000,1.00000,1.00000,-0.08000,0,0,1785933915,1,-0.108274,-0.005352,-0.058084,0.082184,-0.018729,-0.046708,-0.241501,-0.944834,0.221283,0.168945,-0.979105,0.113184,Stance,Stance,-1269438207,0.000000,MagicCast,DefaultContact,0.91852,0.00000,-1.03640
59,2.131800,0.013710,0.00000,0.00000,1.00000,1.00000,-0.08000,0,0,1785933915,1,-0.108254,-0.005351,-0.058073,0.086455,-0.018241,-0.033490,-0.241467,-0.944830,0.221337,0.182838,-0.970685,0.156013,Stance,Stance,-1269438207,0.000000,MagicCast,DefaultContact,0.92093,0.00000,-1.03649
60,2.154757,0.022958,0.00000,0.00000,1.00000,1.00000,-0.08000,0,0,1785933915,1,-0.108245,-0.005352,-0.058070,0.089577,-0.017882,-0.023821,-0.241443,-0.944837,0.221335,0.192135,-0.963691,0.185429,Stance,Stance,-1269438207,0.000000,MagicCast,DefaultContact,0.92234,0.00000,-1.03653
61,2.172554,0.017796,0.00000,0.00000,1.00000,1.00000,-0.08000,0,0,1785933915,1,-0.108226,-0.005350,-0.058061,0.094381,-0.017338,-0.008970,-0.241276,-0.944856,0.221434,0.205039,-0.951987,0.227333,Stance,Stance,-1269438207,0.000000,MagicCast,DefaultContact,0.92417,0.00000,-1.03660
62,2.187382,0.014828,0.00000,0.00000,1.00000,1.00000,-0.08000,0,0,1785933915,1,-0.108218,-0.005351,-0.058058,0.097100,-0.017028,-0.000563,-0.241264,-0.944854,0.221455,0.211587,-0.945034,0.249282,Stance,Stance,-1269438207,0.000000,MagicCast,DefaultContact,0.92522,0.00000,-1.03663
63,2.204382,0.017001,0.00000,0.00000,1.00000,1.00000,-0.08000,0,0,1785933915,1,-0.108214,-0.005346,-0.058058,0.098690,-0.016848,0.004360,-0.241257,-0.944854,0.221462,0.215163,-0.940912,0.261515,Stance,Stance,-1269438207,0.000000,MagicCast,DefaultContact,0.92592,0.00000,-1.03666
64,2.221950,0.017568,0.00000,0.00000,1.00000,1.00000,-0.08000,0,0,1785933915,1,-0.108209,-0.005346,-0.058057,0.099931,-0.016708,0.008195,-0.241245,-0.944857,0.221465,0.217830,-0.937682,0.270745,Stance,Stance,-1269438207,0.000000,Locomotion,DefaultContact,0.92656,0.00000,-1.03669
65,2.237471,0.015521,0.00000,0.00000,1.00000,1.00000,-0.08000,0,0,1785933915,1,-0.104632,-0.005571,-0.048106,0.102951,-0.020284,-0.003916,-0.103016,-0.957070,0.270934,0.239222,-0.948908,0.205785,Stance,Stance,-1269438207,0.000000,Locomotion,DefaultContact,0.92708,0.00000,-1.03673
66,2.252828,0.015357,0.00000,0.00000,1.00000,1.00000,-0.08000,0,0,1785933915,1,-0.099868,-0.005958,-0.037618,0.102693,-0.022649,-0.015193,0.002107,-0.958094,0.286447,0.261002,-0.954671,0.143114,Stance,Stance,-1269438207,0.000000,Locomotion,DefaultContact,0.92743,0.00000,-1.03675
67,2.268905,0.016077,0.00000,0.00000,1.00000,1.00000,-0.08000,0,0,1785933915,1,-0.093996,-0.006469,-0.027874,0.099148,-0.024540,-0.025881,0.084321,-0.954366,0.286488,0.267462,-0.959719,0.086045,Stance,Stance,-1269438207,0.000000,Locomotion,DefaultContact,0.92770,0.00000,-1.03676
68,2.284812,0.015907,0.00000,0.00000,1.00000,1.00000,-0.08000,0,0,1785933915,1,-0.086785,-0.007090,-0.018401,0.093349,-0.026009,-0.036230,0.148987,-0.947552,0.282752,0.262539,-0.964321,0.034024,Stance,Stance,-1269438207,0.000000,Locomotion,DefaultContact,0.92792,0.00000,-1.03676
69,2.300925,0.016113,0.00000,0.00000,1.00000,1.00000,-0.08000,0,0,1785933915,1,-0.078846,-0.007745,-0.009700,0.085839,-0.027252,-0.045283,0.195707,-0.939175,0.282224,0.247842,-0.968751,-0.009762,Stance,Stance,-1269438207,0.000000,Locomotion,DefaultContact,0.92809,0.00000,-1.03677
70,2.317051,0.016126,0.00000,0.00000,1.00000,1.00000,-0.08000,0,0,1785933915,1,-0.070168,-0.008433,-0.001515,0.076848,-0.026330,-0.053148,0.230101,-0.929814,0.287226,0.237715,-0.970492,-0.040454,Stance,Stance,-1269438207,0.000000,Locomotion,DefaultContact,0.92824,0.00000,-1.03678
71,2.330629,0.013578,0.00000,0.00000,1.00000,1.00000,-0.08000,0,0,1785933915,1,-0.060971,-0.009131,0.006121,0.066928,-0.024858,-0.059694,0.255210,-0.920037,0.297321,0.225832,-0.971992,-0.065048,Stance,Stance,-1269438207,0.000000,Locomotion,DefaultContact,0.92835,0.00000,-1.03679
72,2.347831,0.017202,0.00000,0.00000,1.00000,1.00000,-0.08000,0,0,1785933915,1,-0.052956,-0.009723,0.012182,0.058078,-0.023525,-0.064371,0.271121,-0.911780,0.308465,0.213270,-0.973492,-0.082636,Stance,Stance,-1269438207,0.000000,Locomotion,DefaultContact,0.92841,0.00000,-1.03678
73,2.362907,0.015076,0.00000,0.00000,1.00000,1.00000,-0.08000,0,0,1785933915,1,-0.042424,-0.010472,0.019342,0.046303,-0.021809,-0.069059,0.286663,-0.901708,0.323646,0.194067,-0.975779,-0.100962,Stance,Stance,-1269438207,0.000000,Locomotion,DefaultContact,0.92848,0.00000,-1.03678
74,2.377232,0.014325,0.00000,0.00000,1.00000,1.00000,-0.08000,0,0,1785933915,1,-0.032963,-0.011126,0.025261,0.035688,-0.020320,-0.072339,0.297317,-0.893531,0.336460,0.174403,-0.978030,-0.114201,Stance,Stance,-1269438207,0.000000,Locomotion,DefaultContact,0.92852,0.00000,-1.03678
75,2.394199,0.016967,0.00000,0.00000,1.00000,1.00000,-0.08000,0,0,1785933915,1,-0.023785,-0.011751,0.030603,0.025427,-0.018922,-0.074773,0.305855,-0.886571,0.347052,0.153637,-0.980228,-0.124698,Stance,Stance,-1269438207,0.000000,Locomotion,DefaultContact,0.92855,0.00000,-1.03678
76,2.408613,0.014415,0.00000,0.00000,1.00000,1.00000,-0.08000,0,0,1785933915,1,-0.012719,-0.012487,0.036545,0.013090,-0.017287,-0.076820,0.314792,-0.879675,0.356480,0.126514,-0.982795,-0.134568,Stance,Stance,-1269438207,0.000000,Locomotion,DefaultContact,0.92857,0.00000,-1.03677
77,2.424000,0.015386,0.00000,0.00000,1.00000,1.00000,-0.08000,0,0,1785933915,1,-0.003190,-0.013108,0.041348,0.002529,-0.015913,-0.078022,0.321799,-0.875100,0.361450,0.101525,-0.984750,-0.141277,Stance,Stance,-1269438207,0.000000,Locomotion,DefaultContact,0.92858,0.00000,-1.03675
78,2.443640,0.019641,0.00000,0.00000,1.00000,1.00000,-0.08000,0,0,1785933915,1,0.007106,-0.013765,0.046219,-0.008794,-0.014462,-0.078743,0.328894,-0.871734,0.363192,0.073014,-0.986472,-0.146773,Stance,Stance,-1269438207,0.000000,Locomotion,DefaultContact,0.92859,0.00000,-1.03675
79,2.458782,0.015142,0.00000,0.00000,1.00000,1.00000,-0.08000,0,0,1785933915,1,0.020443,-0.014603,0.052056,-0.023266,-0.012636,-0.078819,0.337579,-0.869839,0.359751,0.034228,-0.987885,-0.151364,Stance,Stance,-1269438207,0.000000,Locomotion,DefaultContact,0.92860,0.00000,-1.03673
80,2.473221,0.014439,0.00000,0.00000,1.00000,1.00000,-0.08000,0,0,1785933915,1,0.030816,-0.015236,0.056343,-0.034417,-0.011238,-0.078430,0.344414,-0.869700,0.353555,0.002500,-0.988126,-0.153627,Stance,Stance,-1269438207,0.000000,Locomotion,DefaultContact,0.92858,0.00000,-1.03670
81,2.490491,0.017270,0.00000,0.00000,1.00000,1.00000,-0.08000,0,0,1785933915,1,0.040764,-0.015846,0.060222,-0.045051,-0.009911,-0.077686,0.351020,-0.870534,0.344898,-0.029194,-0.987518,-0.154774,Stance,Stance,-1269438207,0.000000,Locomotion,DefaultContact,0.92855,0.00000,-1.03666
82,2.506381,0.015889,0.00000,0.00000,1.00000,1.00000,-0.08000,0,0,1785933915,1,0.052782,-0.016566,0.064598,-0.056810,-0.008455,-0.076319,0.359025,-0.872574,0.331232,-0.065615,-0.985784,-0.154679,Stance,Stance,-1269438207,0.000000,Locomotion,DefaultContact,0.92854,0.00000,-1.03663
83,2.520732,0.014352,0.00000,0.00000,1.00000,1.00000,-0.08000,0,0,1785933915,1,0.063297,-0.017183,0.068176,-0.065184,-0.007423,-0.074746,0.385966,-0.872137,0.300678,-0.092008,-0.983911,-0.153146,Stance,Stance,-1269438207,0.000000,Locomotion,DefaultContact,0.92853,0.00000,-1.03662
84,2.536784,0.016052,0.00000,0.00000,1.00000,1.00000,-0.08000,0,0,1785933915,1,0.071128,-0.017634,0.070556,-0.070670,-0.006742,-0.073340,0.417549,-0.872215,0.254741,-0.109404,-0.982424,-0.151239,Stance,Stance,-1269438207,0.000000,Locomotion,DefaultContact,0.92854,0.00000,-1.03663
85,2.552917,0.016133,0.00000,0.00000,1.00000,1.00000,-0.08000,0,0,1785933915,1,0.077805,-0.018007,0.072347,-0.074871,-0.006225,-0.071889,0.432889,-0.876969,0.208643,-0.122576,-0.981232,-0.148861,Stance,Stance,-1269438207,0.000000,Locomotion,DefaultContact,0.92854,0.00000,-1.03664
86,2.567670,0.014753,0.00000,0.00000,1.00000,1.00000,-0.08000,0,0,1785933915,1,0.082577,-0.018270,0.073417,-0.077577,-0.005885,-0.070639,0.433645,-0.883924,0.175017,-0.130793,-0.980521,-0.146536,Stance,Stance,-1269438207,0.000000,Locomotion,DefaultContact,0.92855,0.00000,-1.03663
87,2.584239,0.016569,0.00000,0.00000,1.00000,1.00000,-0.08000,0,0,1785933915,1,0.085634,-0.018429,0.073957,-0.079113,-0.005678,-0.069678,0.429173,-0.889710,0.155649,-0.135154,-0.980220,-0.144578,Stance,Stance,-1269438207,0.000000,Locomotion,DefaultContact,0.92855,0.00000,-1.03663
88,2.602281,0.018041,0.00000,0.00000,1.00000,1.00000,-0.08000,0,0,1785933915,1,0.087994,-0.018550,0.074241,-0.080110,-0.005540,-0.068785,0.423327,-0.894673,0.142668,-0.137682,-0.980155,-0.142616,Stance,Stance,-1269438207,0.000000,Locomotion,DefaultContact,0.92855,0.00000,-1.03664
89,2.619065,0.016784,0.00000,0.00000,1.00000,1.00000,-0.08000,0,0,1785933915,1,0.089676,-0.018629,0.074315,-0.080630,-0.005448,-0.068008,0.418365,-0.898215,0.134835,-0.138553,-0.980297,-0.140785,Stance,Stance,-1269438207,0.000000,Locomotion,DefaultContact,0.92857,0.00000,-1.03665
90,2.633839,0.014775,0.00000,0.00000,1.00000,1.00000,-0.08000,0,0,1785933915,1,0.090698,-0.018672,0.074271,-0.080780,-0.005405,-0.067436,0.415239,-0.900283,0.130643,-0.138336,-0.980532,-0.139354,Stance,Stance,-1269438207,0.000000,Locomotion,DefaultContact,0.92857,0.00000,-1.03665
91,2.652126,0.018286,0.00000,0.00000,1.00000,1.00000,-0.08000,0,0,1785933915,1,0.091283,-0.018695,0.074178,-0.080771,-0.005383,-0.067047,0.413484,-0.901417,0.128371,-0.137739,-0.980761,-0.138335,Stance,Stance,-1269438207,0.000000,Locomotion,DefaultContact,0.92856,0.00000,-1.03664
92,2.668120,0.015994,0.00000,0.00000,1.00000,1.00000,-0.08000,0,0,1785933915,1,0.091754,-0.018710,0.074037,-0.080630,-0.005367,-0.066670,0.412263,-0.902224,0.126610,-0.136616,-0.981066,-0.137279,Stance,Stance,-1269438207,0.000000,Locomotion,DefaultContact,0.92855,0.00000,-1.03663
93,2.683347,0.015227,0.00000,0.00000,1.00000,1.00000,-0.08000,0,0,1785933915,1,0.092005,-0.018716,0.073913,-0.080445,-0.005356,-0.066422,0.411787,-0.902571,0.125687,-0.135492,-0.981324,-0.136547,Stance,Stance,-1269438207,0.000000,Locomotion,DefaultContact,0.92854,0.00000,-1.03662
94,2.699840,0.016493,0.00000,0.00000,1.00000,1.00000,-0.08000,0,0,1785933915,1,0.092156,-0.018719,0.073796,-0.080243,-0.005352,-0.066240,0.411563,-0.902758,0.125074,-0.134399,-0.981554,-0.135974,Stance,Stance,-1269438207,0.000000,Locomotion,DefaultContact,0.92854,0.00000,-1.03662
95,2.715904,0.016065,0.00000,0.00000,1.00000,1.00000,-0.08000,0,0,1785933915,1,0.092272,-0.018714,0.073683,-0.080003,-0.005356,-0.066074,0.411623,-0.902786,0.124675,-0.133201,-0.981790,-0.135444,Stance,Stance,-1269438207,0.000000,Locomotion,DefaultContact,0.92853,0.00000,-1.03661
96,2.731774,0.015870,0.00000,0.00000,1.00000,1.00000,-0.08000,0,0,1785933915,1,0.092326,-0.018717,0.073571,-0.079781,-0.005358,-0.065959,0.411663,-0.902812,0.124356,-0.132128,-0.981991,-0.135039,Stance,Stance,-1269438207,0.000000,Locomotion,DefaultContact,0.92852,0.00000,-1.03659
97,2.747038,0.015263,0.00000,0.00000,1.00000,1.00000,-0.08000,0,0,1785933915,1,0.092348,-0.018711,0.073472,-0.079566,-0.005353,-0.065874,0.411918,-0.902713,0.124231,-0.131096,-0.982173,-0.134724,Stance,Stance,-1269438207,0.000000,Locomotion,DefaultContact,0.92850,0.00000,-1.03657
98,2.762678,0.015641,0.00000,0.00000,1.00000,1.00000,-0.08000,0,0,1785933915,1,0.092344,-0.018709,0.073390,-0.079369,-0.005355,-0.065814,0.412229,-0.902574,0.124210,-0.130165,-0.982331,-0.134470,Stance,Stance,-1269438207,0.000000,Locomotion,DefaultContact,0.92849,0.00000,-1.03656
99,2.780102,0.017423,0.00000,0.00000,1.00000,1.00000,-0.08000,0,0,1785933915,1,0.092320,-0.018703,0.073319,-0.079179,-0.005356,-0.065766,0.412565,-0.902413,0.124266,-0.129297,-0.982474,-0.134265,Stance,Stance,-1269438207,0.000000,Locomotion,DefaultContact,0.92850,0.00000,-1.03656
100,2.796342,0.016240,0.00000,0.00000,1.00000,1.00000,-0.08000,0,0,1785933915,1,0.092278,-0.018698,0.073258,-0.078985,-0.005356,-0.065719,0.412909,-0.902240,0.124374,-0.128410,-0.982618,-0.134066,Stance,Stance,-1269438207,0.000000,Locomotion,DefaultContact,0.92851,0.00000,-1.03658
101,2.813294,0.016952,0.00000,0.00000,1.00000,1.00000,-0.08000,0,0,1785933915,1,0.092237,-0.018692,0.073227,-0.078821,-0.005359,-0.065674,0.413204,-0.902084,0.124531,-0.127653,-0.982738,-0.133906,Stance,Stance,-1269438207,0.000000,Locomotion,DefaultContact,0.92851,0.00000,-1.03658
102,2.830208,0.016914,0.00000,0.00000,1.00000,1.00000,-0.08000,0,0,1785933915,1,0.092175,-0.018687,0.073198,-0.078690,-0.005360,-0.065641,0.413525,-0.901907,0.124742,-0.127069,-0.982828,-0.133799,Stance,Stance,-1269438207,0.000000,Locomotion,DefaultContact,0.92850,0.00000,-1.03658
103,2.846482,0.016274,0.00000,0.00000,1.00000,1.00000,-0.08000,0,0,1785933915,1,0.092108,-0.018684,0.073186,-0.078594,-0.005362,-0.065608,0.413791,-0.901754,0.124969,-0.126609,-0.982897,-0.133729,Stance,Stance,-1269438207,0.000000,Locomotion,DefaultContact,0.92849,0.00000,-1.03656
104,2.862595,0.016114,0.00000,0.00000,1.00000,1.00000,-0.08000,0,0,1785933915,1,0.092041,-0.018683,0.073191,-0.078536,-0.005359,-0.065577,0.413994,-0.901627,0.125207,-0.126303,-0.982944,-0.133677,Stance,Stance,-1269438207,0.000000,Locomotion,DefaultContact,0.92849,0.00000,-1.03656
105,2.878197,0.015602,0.00000,0.00000,1.00000,1.00000,-0.08000,0,0,1785933915,1,0.091974,-0.018677,0.073209,-0.078512,-0.005358,-0.065544,0.414229,-0.901479,0.125497,-0.126119,-0.982972,-0.133642,Stance,Stance,-1269438207,0.000000,Locomotion,DefaultContact,0.92849,0.00000,-1.03656
106,2.893646,0.015449,0.00000,0.00000,1.00000,1.00000,-0.08000,0,0,1785933915,1,0.091916,-0.018677,0.073254,-0.078508,-0.005360,-0.065497,0.414304,-0.901411,0.125742,-0.126057,-0.982988,-0.133583,Stance,Stance,-1269438207,0.000000,Locomotion,DefaultContact,0.92849,0.00000,-1.03655
107,2.909520,0.015875,0.00000,0.00000,1.00000,1.00000,-0.08000,0,0,1785933915,1,0.091848,-0.018676,0.073294,-0.078536,-0.005364,-0.065460,0.414388,-0.901338,0.125986,-0.126143,-0.982985,-0.133526,Stance,Stance,-1269438207,0.000000,Locomotion,DefaultContact,0.92847,0.00000,-1.03654
108,2.923872,0.014352,0.00000,0.00000,1.00000,1.00000,-0.08000,0,0,1785933915,1,0.091790,-0.018676,0.073332,-0.078567,-0.005359,-0.065427,0.414455,-0.901278,0.126195,-0.126243,-0.982982,-0.133453,Stance,Stance,-1269438207,0.000000,Locomotion,DefaultContact,0.92846,0.00000,-1.03653
109,2.938509,0.014637,0.00000,0.00000,1.00000,1.00000,-0.08000,0,0,1785933915,1,0.091748,-0.018672,0.073365,-0.078603,-0.005358,-0.065397,0.414529,-0.901217,0.126387,-0.126319,-0.982973,-0.133447,Stance,Stance,-1269438207,0.000000,Locomotion,DefaultContact,0.92846,0.00000,-1.03652
110,2.955160,0.016651,0.00000,0.00000,1.00000,1.00000,-0.08000,0,0,1785933915,1,0.091728,-0.018673,0.073420,-0.078650,-0.005359,-0.065340,0.414505,-0.901206,0.126542,-0.126438,-0.982957,-0.133453,Stance,Stance,-1269438207,0.000000,Locomotion,DefaultContact,0.92845,0.00000,-1.03652
111,2.970345,0.015185,0.00000,0.00000,1.00000,1.00000,-0.08000,0,0,1785933915,1,0.091702,-0.018677,0.073502,-0.078764,-0.005363,-0.065250,0.414303,-0.901282,0.126662,-0.126799,-0.982913,-0.133430,Stance,Stance,-1269438207,0.000000,Locomotion,DefaultContact,0.92843,0.00000,-1.03650
112,2.986492,0.016148,0.00000,0.00000,1.00000,1.00000,-0.08000,0,0,1785933915,1,0.091682,-0.018681,0.073604,-0.078912,-0.005361,-0.065138,0.414073,-0.901368,0.126803,-0.127265,-0.982863,-0.133359,Stance,Stance,-1269438207,0.000000,Locomotion,DefaultContact,0.92842,0.00000,-1.03648
113,3.003085,0.016592,0.00000,0.00000,1.00000,1.00000,-0.08000,0,0,1785933915,1,0.091663,-0.018687,0.073743,-0.079118,-0.005357,-0.064983,0.413723,-0.901508,0.126955,-0.127925,-0.982796,-0.133215,Stance,Stance,-1269438207,0.000000,Locomotion,DefaultContact,0.92841,0.00000,-1.03647
114,3.018831,0.015746,0.00000,0.00000,1.00000,1.00000,-0.08000,0,0,1785933915,1,0.091644,-0.018697,0.073920,-0.079378,-0.005363,-0.064789,0.413170,-0.901743,0.127081,-0.128809,-0.982707,-0.133021,Stance,Stance,-1269438207,0.000000,Locomotion,DefaultContact,0.92841,0.00000,-1.03647
115,3.034152,0.015321,0.00000,0.00000,1.00000,1.00000,-0.08000,0,0,1785933915,1,0.091638,-0.018702,0.074119,-0.079656,-0.005364,-0.064570,0.412566,-0.902002,0.127211,-0.129770,-0.982616,-0.132760,Stance,Stance,-1269438207,0.000000,Locomotion,DefaultContact,0.92841,0.00000,-1.03647
116,3.050565,0.016413,0.00000,0.00000,1.00000,1.00000,-0.08000,0,0,1785933915,1,0.091618,-0.018710,0.074320,-0.079975,-0.005366,-0.064347,0.411984,-0.902243,0.127389,-0.130864,-0.982505,-0.132508,Stance,Stance,-1269438207,0.000000,Locomotion,DefaultContact,0.92840,0.00000,-1.03646
117,3.066003,0.015438,0.00000,0.00000,1.00000,1.00000,-0.08000,0,0,1785933915,1,0.091594,-0.018723,0.074557,-0.080355,-0.005368,-0.064083,0.411288,-0.902531,0.127598,-0.132209,-0.982368,-0.132190,Stance,Stance,-1269438207,0.000000,Locomotion,DefaultContact,0.92839,0.00000,-1.03644
118,3.081068,0.015066,0.00000,0.00000,1.00000,1.00000,-0.08000,0,0,1785933915,1,0.091571,-0.018729,0.074788,-0.080745,-0.005366,-0.063821,0.410675,-0.902774,0.127849,-0.133541,-0.982232,-0.131864,Stance,Stance,-1269438207,0.000000,Locomotion,DefaultContact,0.92838,0.00000,-1.03644
119,3.098020,0.016952,0.00000,0.00000,1.00000,1.00000,-0.08000,0,0,1785933915,1,0.091544,-0.018740,0.075022,-0.081153,-0.005368,-0.063552,0.409984,-0.903056,0.128074,-0.135012,-0.982075,-0.131532,Stance,Stance,-1269438207,0.000000,Locomotion,DefaultContact,0.92838,0.00000,-1.03644
