frame,time,dt,speed,gaitRate,ikWeight,leftIkWeight,rightIkWeight,pelvis,leftLocked,rightLocked,supported,supportId,supportGeneration,leftX,leftY,leftZ,rightX,rightY,rightZ,leftAnchorError,rightAnchorError,leftKneeX,leftKneeY,leftKneeZ,rightKneeX,rightKneeY,rightKneeZ,leftReason,rightReason,leftReleaseCooldown,rightReleaseCooldown,animatorState,normalizedTime,inTransition,nextState,nextNormalizedTime,primaryClip,primaryClipWeight,secondaryClip,secondaryClipWeight,discontinuity
0,3.460855,0.039241,0.34144,0.78349,0.00000,0.00000,0.00000,0.00000,0,0,1,0,0,-0.105575,0.065811,-0.062487,0.103009,0.007960,0.012844,0.000000,0.000000,-0.266565,-0.904017,0.334211,0.224165,-0.965656,0.131375,InvalidSurface,InvalidSurface,0.000000,0.000000,-1269438207,38.362730,0,0,0.000000,XBot Walk Neutral,1.000000,none,0.000000,0
1,3.480317,0.019462,0.61301,0.80384,0.00000,0.00000,0.00000,0.00000,0,0,1,0,0,-0.105256,0.065803,-0.062955,0.102966,0.007968,0.013383,0.000000,0.000000,-0.268131,-0.903999,0.333005,0.229319,-0.963609,0.137370,InvalidSurface,InvalidSurface,0.000000,0.000000,-1269438207,38.513400,0,0,0.000000,XBot Walk Neutral,0.829281,Walking,0.170719,0
2,3.495135,0.014818,0.82699,0.82223,0.00000,0.00000,0.00000,0.00000,0,0,1,0,0,-0.104571,0.048426,-0.073600,0.103068,0.012676,0.012044,0.000000,0.000000,-0.243354,-0.936799,0.251369,0.201738,-0.962663,0.180507,InvalidSurface,InvalidSurface,0.000000,0.000000,-1269438207,38.559440,0,0,0.000000,XBot Walk Neutral,0.693497,Walking,0.306503,0
3,3.511935,0.016800,1.07748,0.84508,0.00000,0.00000,0.00000,0.00000,0,0,1,0,0,-0.103560,0.043251,-0.077573,0.103006,0.014227,0.012553,0.000000,0.000000,-0.236820,-0.945677,0.222735,0.210238,-0.945352,0.249217,InvalidSurface,InvalidSurface,0.000000,0.000000,-1269438207,38.586700,0,0,0.000000,XBot Walk Neutral,0.586504,Walking,0.413496,0
4,3.525893,0.013958,1.30740,0.86576,0.00000,0.00000,0.00000,0.00000,0,0,1,0,0,-0.102876,0.043231,-0.078362,0.102928,0.014233,0.013498,0.000000,0.000000,-0.238619,-0.945656,0.220897,0.221286,-0.928404,0.298493,InvalidSurface,InvalidSurface,0.000000,0.000000,-1269438207,38.611520,0,0,0.000000,XBot Walk Neutral,0.461260,Walking,0.538740,0
5,3.539312,0.013419,1.53410,0.88639,0.00000,0.00000,0.00000,0.00000,0,0,1,0,0,-0.088022,0.023521,-0.114104,0.106052,0.014196,0.090546,0.000000,0.000000,-0.198421,-0.980116,-0.000971,0.193570,-0.925859,0.324525,InvalidSurface,InvalidSurface,0.000000,0.000000,-1269438207,38.629110,0,0,0.000000,XBot Walk Neutral,0.346298,Walking,0.653702,0
6,3.555808,0.016496,1.81610,0.91217,0.00000,0.00000,0.00000,0.00000,0,0,1,0,0,-0.086860,0.022838,-0.115757,0.105623,0.014426,0.093882,0.000000,0.000000,-0.196648,-0.980425,-0.009775,0.198907,-0.907182,0.370752,InvalidSurface,InvalidSurface,0.000000,0.000000,-1269438207,38.643970,0,0,0.000000,XBot Walk Neutral,0.232950,Walking,0.767050,0
7,3.569868,0.014060,2.06743,0.93460,0.00000,0.00000,0.00000,0.00000,0,0,1,0,0,-0.085835,0.022807,-0.116389,0.104842,0.014455,0.094887,0.000000,0.000000,-0.196493,-0.980441,-0.011240,0.197543,-0.894126,0.401891,InvalidSurface,InvalidSurface,0.000000,0.000000,-1269438207,38.659960,0,0,0.000000,XBot Walk Neutral,0.091951,Walking,0.908049,0
8,3.585454,0.015586,2.36162,0.96003,0.00000,0.00000,0.00000,0.00000,0,0,1,0,0,-0.085008,0.022776,-0.116866,0.104201,0.014483,0.095730,0.000000,0.000000,-0.196374,-0.980451,-0.012369,0.196139,-0.887428,0.417135,InvalidSurface,InvalidSurface,0.000000,0.000000,-1269438207,38.672680,0,0,0.000000,Walking,0.983144,Walking,0.016856,0
9,3.600625,0.015171,2.65546,0.98510,0.00000,0.00000,0.00000,0.00000,0,0,1,0,0,-0.084089,0.022738,-0.117377,0.103473,0.014516,0.096696,0.000000,0.000000,-0.196257,-0.980458,-0.013594,0.196278,-0.884249,0.423766,InvalidSurface,InvalidSurface,0.000000,0.000000,-1269438207,38.687160,0,0,0.000000,Walking,0.909596,Walking,0.090404,0
10,3.619130,0.018505,2.99009,1.01488,0.00000,0.00000,0.00000,0.00000,0,0,1,0,0,-0.070755,0.020091,-0.204999,0.093264,0.034200,0.194207,0.000000,0.000000,-0.154045,-0.958850,-0.238488,0.172869,-0.830888,0.528906,InvalidSurface,InvalidSurface,0.000000,0.000000,-1269438207,38.701620,0,0,0.000000,Walking,0.836134,Walking,0.163866,1
11,3.634747,0.015617,3.24297,1.03869,0.00000,0.00000,0.00000,0.00000,0,0,1,0,0,-0.068460,0.019959,-0.209359,0.091081,0.035702,0.199250,0.000000,0.000000,-0.149907,-0.956748,-0.249322,0.161872,-0.791100,0.589880,InvalidSurface,InvalidSurface,0.000000,0.000000,-1269438207,38.719790,0,0,0.000000,Walking,0.752478,Walking,0.247522,0
12,3.650421,0.015674,3.48135,1.06162,0.00000,0.00000,0.00000,0.00000,0,0,1,0,0,-0.067025,0.019897,-0.209682,0.089730,0.035757,0.199991,0.000000,0.000000,-0.148189,-0.956822,-0.250063,0.151927,-0.766684,0.623790,InvalidSurface,InvalidSurface,0.000000,0.000000,-1269438207,38.735490,0,0,0.000000,Walking,0.689258,Walking,0.310742,0
13,3.665261,0.014839,3.61339,1.07744,0.00000,0.00000,0.00000,0.00000,0,0,1,0,0,-0.065298,0.019819,-0.210051,0.088085,0.035829,0.200897,0.000000,0.000000,-0.146126,-0.956913,-0.250927,0.144275,-0.739484,0.657532,InvalidSurface,InvalidSurface,0.000000,0.000000,-1269438207,38.751590,0,0,0.000000,Walking,0.629662,Walking,0.370338,0
14,3.681389,0.016128,3.61984,1.08547,0.00000,0.00000,0.00000,0.00000,0,0,1,0,0,-0.063986,0.019801,-0.210413,0.086817,0.035853,0.201504,0.000000,0.000000,-0.144563,-0.956933,-0.251757,0.140153,-0.707877,0.692292,InvalidSurface,InvalidSurface,0.000000,0.000000,-1269438207,38.767060,0,0,0.000000,Walking,0.596651,Walking,0.403349,0
15,3.697590,0.016201,3.54672,1.08754,0.00000,0.00000,0.00000,0.00000,0,0,1,0,0,-0.056910,0.036734,-0.248616,0.097489,0.013319,0.190048,0.000000,0.000000,-0.130408,-0.925876,-0.354609,0.140822,-0.791226,0.595089,InvalidSurface,InvalidSurface,0.000000,0.000000,-1269438207,38.784000,0,0,0.000000,Walking,0.595040,Walking,0.404960,0
16,3.710654,0.013064,3.45829,1.08655,0.00000,0.00000,0.00000,0.00000,0,0,1,0,0,-0.052391,0.039349,-0.253931,0.096180,0.010890,0.190006,0.000000,0.000000,-0.122934,-0.921034,-0.369573,0.137459,-0.761670,0.633217,InvalidSurface,InvalidSurface,0.000000,0.000000,-1269438207,38.801060,0,0,0.000000,Walking,0.613320,Walking,0.386680,0
17,3.727389,0.016735,3.32269,1.08276,0.00000,0.00000,0.00000,0.00000,0,0,1,0,0,-0.051056,0.039310,-0.254136,0.095173,0.010915,0.190584,0.000000,0.000000,-0.120991,-0.921089,-0.370077,0.142444,-0.707269,0.692445,InvalidSurface,InvalidSurface,0.000000,0.000000,-1269438207,38.814790,0,0,0.000000,Walking,0.635428,Walking,0.364572,0
18,3.740884,0.013495,3.21123,1.07876,0.00000,0.00000,0.00000,0.00000,0,0,1,0,0,-0.048406,0.039236,-0.254530,0.093172,0.010971,0.191730,0.000000,0.000000,-0.117130,-0.921182,-0.371085,0.147129,-0.641022,0.753289,InvalidSurface,InvalidSurface,0.000000,0.000000,-1269438207,38.832330,0,0,0.000000,Walking,0.669327,Walking,0.330673,0
19,3.754416,0.013533,3.11018,1.07487,0.00000,0.00000,0.00000,0.00000,0,0,1,0,0,-0.061955,0.068971,-0.250396,0.105310,0.011019,0.156566,0.000000,0.000000,-0.176960,-0.950928,-0.253814,0.160272,-0.796669,0.582779,InvalidSurface,InvalidSurface,0.000000,0.000000,-1269438207,38.846420,0,0,0.000000,Walking,0.697193,Walking,0.302807,0
20,3.772397,0.017980,3.00759,1.07116,0.00000,0.00000,0.00000,0.00000,0,0,1,0,0,-0.064534,0.081486,-0.247894,0.108013,0.011607,0.144265,0.000000,0.000000,-0.196911,-0.957860,-0.209120,0.159418,-0.805493,0.570760,InvalidSurface,InvalidSurface,0.000000,0.000000,-1269438207,38.860490,0,0,0.000000,Walking,0.722455,Walking,0.277546,0
21,3.787814,0.015418,2.96357,1.07002,0.00000,0.00000,0.00000,0.00000,0,0,1,0,0,-0.062708,0.081425,-0.248264,0.106935,0.011637,0.145174,0.000000,0.000000,-0.195375,-0.957907,-0.210342,0.159695,-0.755810,0.635019,InvalidSurface,InvalidSurface,0.000000,0.000000,-1269438207,38.879130,0,0,0.000000,Walking,0.748103,Walking,0.251898,0
22,3.802510,0.014696,2.94114,1.06983,0.00000,0.00000,0.00000,0.00000,0,0,1,0,0,-0.060594,0.081358,-0.248679,0.105683,0.011674,0.146232,0.000000,0.000000,-0.193599,-0.957956,-0.211754,0.158305,-0.699620,0.696758,InvalidSurface,InvalidSurface,0.000000,0.000000,-1269438207,38.895100,0,0,0.000000,Walking,0.759106,Walking,0.240894,0
23,3.819457,0.016947,2.91594,1.06963,0.00000,0.00000,0.00000,0.00000,0,0,1,0,0,-0.084509,0.092811,-0.199626,0.111800,0.009829,0.085263,0.000000,0.000000,-0.248517,-0.968526,0.014034,0.175662,-0.901443,0.395655,InvalidSurface,InvalidSurface,0.000000,0.000000,-1269438207,38.910310,0,0,0.000000,Walking,0.764716,Walking,0.235284,1
24,3.833889,0.014433,2.89640,1.06950,0.00000,0.00000,0.00000,0.00000,0,0,1,0,0,-0.083249,0.093070,-0.198935,0.111100,0.009857,0.084797,0.000000,0.000000,-0.250060,-0.968060,0.018175,0.172383,-0.870577,0.460847,InvalidSurface,InvalidSurface,0.000000,0.000000,-1269438207,38.927850,0,0,0.000000,Walking,0.771016,Walking,0.228984,0
25,3.849108,0.015219,2.89987,1.07030,0.00000,0.00000,0.00000,0.00000,0,0,1,0,0,-0.081715,0.093025,-0.199473,0.110432,0.009875,0.085768,0.000000,0.000000,-0.250203,-0.968053,0.016474,0.167408,-0.831070,0.530375,InvalidSurface,InvalidSurface,0.000000,0.000000,-1269438207,38.942790,0,0,0.000000,Walking,0.775900,Walking,0.224100,0
26,3.868116,0.019007,2.96731,1.07412,0.00000,0.00000,0.00000,0.00000,0,0,1,0,0,-0.081398,0.093012,-0.199579,0.110289,0.009880,0.085978,0.000000,0.000000,-0.250240,-0.968050,0.016132,0.161379,-0.788067,0.594060,InvalidSurface,InvalidSurface,0.000000,0.000000,-1269438207,38.958550,0,0,0.000000,Walking,0.775033,Walking,0.224967,0
27,3.884166,0.016050,3.07182,1.07988,0.00000,0.00000,0.00000,0.00000,0,0,1,0,0,-0.080138,0.092966,-0.199997,0.109727,0.009898,0.086802,0.000000,0.000000,-0.250375,-0.968037,0.014765,0.145509,-0.742916,0.653379,InvalidSurface,InvalidSurface,0.000000,0.000000,-1269438207,38.978310,0,0,0.000000,Walking,0.758172,Walking,0.241828,0
28,3.897516,0.013350,3.17477,1.08597,0.00000,0.00000,0.00000,0.00000,0,0,1,0,0,-0.103971,0.072036,-0.103199,0.102869,0.009302,0.003887,0.000000,0.000000,-0.269513,-0.917257,0.293262,0.172993,-0.963278,0.205351,InvalidSurface,InvalidSurface,0.000000,0.000000,-1269438207,38.995080,0,0,0.000000,Walking,0.732045,Walking,0.267955,1
29,3.912334,0.014819,3.25447,1.09209,0.00000,0.00000,0.00000,0.00000,0,0,1,0,0,-0.106385,0.070086,-0.089299,0.101854,0.009415,-0.006400,0.000000,0.000000,-0.274528,-0.903905,0.328011,0.164818,-0.959149,0.229929,InvalidSurface,InvalidSurface,0.000000,0.000000,-1269438207,39.009110,0,0,0.000000,Walking,0.706308,Walking,0.293692,0
30,3.929607,0.017273,3.29670,1.09742,0.00000,0.00000,0.00000,0.00000,0,0,1,0,0,-0.105994,0.070074,-0.089702,0.101874,0.009410,-0.005875,0.000000,0.000000,-0.275983,-0.903851,0.326934,0.153255,-0.937238,0.313207,InvalidSurface,InvalidSurface,0.000000,0.000000,-1269438207,39.024770,0,0,0.000000,Walking,0.686383,Walking,0.313617,0
31,3.947056,0.017449,3.31242,1.10113,0.00000,0.00000,0.00000,0.00000,0,0,1,0,0,-0.105629,0.070062,-0.090073,0.101894,0.009407,-0.005381,0.000000,0.000000,-0.277341,-0.903798,0.325931,0.136882,-0.913238,0.383744,InvalidSurface,InvalidSurface,0.000000,0.000000,-1269438207,39.043110,0,0,0.000000,Walking,0.675825,Walking,0.324175,0
32,3.960827,0.013771,3.31806,1.10333,0.00000,0.00000,0.00000,0.00000,0,0,1,0,0,-0.104737,0.070033,-0.090980,0.101942,0.009402,-0.004183,0.000000,0.000000,-0.280647,-0.903667,0.323456,0.112397,-0.890181,0.441526,InvalidSurface,InvalidSurface,0.000000,0.000000,-1269438207,39.061710,0,0,0.000000,Walking,0.671895,Walking,0.328105,0
33,3.975503,0.014677,3.32593,1.10554,0.00000,0.00000,0.00000,0.00000,0,0,1,0,0,-0.114016,0.035671,0.002086,0.091468,0.004666,-0.062404,0.000000,0.000000,-0.251096,-0.864009,0.436395,0.148818,-0.986526,0.067962,InvalidSurface,InvalidSurface,0.000000,0.000000,-1269438207,39.076410,0,0,0.000000,Walking,0.670485,Walking,0.329515,1
34,3.990917,0.015414,3.34034,1.10790,0.00000,0.00000,0.00000,0.00000,0,0,1,0,0,-0.116688,0.031001,0.029975,0.089239,0.003509,-0.077569,0.000000,0.000000,-0.248539,-0.849826,0.464784,0.160895,-0.985601,0.051993,InvalidSurface,InvalidSurface,0.000000,0.000000,-1269438207,39.092110,0,0,0.000000,Walking,0.668517,Walking,0.331483,0
35,4.007109,0.016192,3.37194,1.11085,0.00000,0.00000,0.00000,0.00000,0,0,1,0,0,-0.116877,0.031009,0.029364,0.089710,0.003489,-0.076904,0.000000,0.000000,-0.251409,-0.849716,0.463441,0.157363,-0.974877,0.157644,InvalidSurface,InvalidSurface,0.000000,0.000000,-1269438207,39.108630,0,0,0.000000,Walking,0.664914,Walking,0.335086,0
36,4.022078,0.014969,3.41754,1.11423,0.00000,0.00000,0.00000,0.00000,0,0,1,0,0,-0.117127,0.031020,0.028567,0.090331,0.003462,-0.076016,0.000000,0.000000,-0.255196,-0.849548,0.461674,0.145128,-0.957381,0.249720,InvalidSurface,InvalidSurface,0.000000,0.000000,-1269438207,39.126040,0,0,0.000000,Walking,0.657016,Walking,0.342984,0
37,4.035748,0.013670,3.46551,1.11769,0.00000,0.00000,0.00000,0.00000,0,0,1,0,0,-0.116774,0.024280,0.105588,0.083527,0.003068,-0.123350,0.000000,0.000000,-0.222931,-0.830439,0.510561,0.151684,-0.983467,-0.098918,InvalidSurface,InvalidSurface,0.000000,0.000000,-1269438207,39.142180,0,0,0.000000,Walking,0.645615,Walking,0.354385,1
38,4.050161,0.014412,3.52215,1.12171,0.00000,0.00000,0.00000,0.00000,0,0,1,0,0,-0.117706,0.026118,0.124760,0.083472,0.003169,-0.134433,0.000000,0.000000,-0.221965,-0.824455,0.520582,0.158534,-0.983971,-0.081659,InvalidSurface,InvalidSurface,0.000000,0.000000,-1269438207,39.156970,0,0,0.000000,Walking,0.633623,Walking,0.366377,0
39,4.066627,0.016466,3.59986,1.12702,0.00000,0.00000,0.00000,0.00000,0,0,1,0,0,-0.118424,0.026151,0.124199,0.084235,0.003138,-0.133837,0.000000,0.000000,-0.224948,-0.824324,0.519508,0.156043,-0.987296,0.029958,InvalidSurface,InvalidSurface,0.000000,0.000000,-1269438207,39.172610,0,0,0.000000,Walking,0.619463,Walking,0.380537,0
40,4.081583,0.014957,3.67912,1.13246,0.00000,0.00000,0.00000,0.00000,0,0,1,0,0,-0.119448,0.026196,0.123402,0.085324,0.003090,-0.132977,0.000000,0.000000,-0.229199,-0.824122,0.517968,0.143734,-0.981222,0.128625,InvalidSurface,InvalidSurface,0.000000,0.000000,-1269438207,39.190570,0,0,0.000000,Walking,0.600036,Walking,0.399964,0
41,4.096264,0.014680,3.75639,1.13805,0.00000,0.00000,0.00000,0.00000,0,0,1,0,0,-0.115174,0.024781,0.160928,0.076125,0.000249,-0.181524,0.000000,0.000000,-0.196368,-0.784494,0.588225,0.147195,-0.965699,-0.213915,InvalidSurface,InvalidSurface,0.000000,0.000000,-1269438207,39.206960,0,0,0.000000,Walking,0.580221,Walking,0.419779,1
42,4.112658,0.016394,3.84169,1.14450,0.00000,0.00000,0.00000,0.00000,0,0,1,0,0,-0.115728,0.024881,0.168372,0.076018,-0.000078,-0.191335,0.000000,0.000000,-0.195470,-0.774297,0.601878,0.156550,-0.974607,-0.160102,InvalidSurface,InvalidSurface,0.000000,0.000000,-1269438207,39.223130,0,0,0.000000,Walking,0.560903,Walking,0.439097,0
43,4.128775,0.016117,3.93081,1.15124,0.00000,0.00000,0.00000,0.00000,0,0,1,0,0,-0.116788,0.024930,0.167774,0.077212,-0.000130,-0.190714,0.000000,0.000000,-0.199253,-0.774130,0.600851,0.156100,-0.987563,-0.018792,InvalidSurface,InvalidSurface,0.000000,0.000000,-1269438207,39.241290,0,0,0.000000,Walking,0.539577,Walking,0.460423,0
44,4.144968,0.016193,4.02641,1.15847,0.00000,0.00000,0.00000,0.00000,0,0,1,0,0,-0.117827,0.024980,0.167193,0.078382,-0.000186,-0.190093,0.000000,0.000000,-0.202960,-0.773946,0.599846,0.149836,-0.981457,0.119548,InvalidSurface,InvalidSurface,0.000000,0.000000,-1269438207,39.259240,0,0,0.000000,Walking,0.517296,Walking,0.482704,0
45,4.159753,0.014786,4.11084,1.16517,0.00000,0.00000,0.00000,0.00000,0,0,1,0,0,-0.111987,0.013712,0.154184,0.069553,0.027317,-0.239093,0.000000,0.000000,-0.186373,-0.783144,0.593255,0.146151,-0.913638,-0.379348,InvalidSurface,InvalidSurface,0.000000,0.000000,-1269438207,39.277400,0,0,0.000000,Walking,0.493398,Walking,0.506602,1
46,4.173868,0.014114,4.18826,1.17155,0.00000,0.00000,0.00000,0.00000,0,0,1,0,0,-0.113425,0.013658,0.153113,0.071774,0.027602,-0.238754,0.000000,0.000000,-0.191982,-0.783031,0.591613,0.167392,-0.947113,-0.273783,InvalidSurface,InvalidSurface,0.000000,0.000000,-1269438207,39.294070,0,0,0.000000,Walking,0.472291,Walking,0.527709,0
47,4.191305,0.017438,4.28815,1.17969,0.00000,0.00000,0.00000,0.00000,0,0,1,0,0,-0.114061,0.013690,0.152738,0.072757,0.027553,-0.238357,0.000000,0.000000,-0.194436,-0.782915,0.590964,0.187976,-0.971654,-0.143368,InvalidSurface,InvalidSurface,0.000000,0.000000,-1269438207,39.310070,0,0,0.000000,Walking,0.452936,Walking,0.547064,0
48,4.207387,0.016082,4.38529,1.18752,0.00000,0.00000,0.00000,0.00000,0,0,1,0,0,-0.115031,0.013738,0.152168,0.074262,0.027473,-0.237742,0.000000,0.000000,-0.198184,-0.782726,0.589969,0.209905,-0.977639,0.012754,InvalidSurface,InvalidSurface,0.000000,0.000000,-1269438207,39.329980,0,0,0.000000,Walking,0.427963,Walking,0.572037,0
49,4.222196,0.014808,4.33770,1.18275,0.00000,0.00000,0.00000,0.00000,0,0,1,0,0,-0.116317,0.013804,0.151416,0.076256,0.027371,-0.236912,0.000000,0.000000,-0.203145,-0.782450,0.588647,0.232483,-0.953190,0.193339,InvalidSurface,InvalidSurface,0.000000,0.000000,-1269438207,39.348460,0,0,0.000000,Walking,0.403678,Walking,0.596322,0
50,4.238233,0.016037,4.07173,1.15815,0.00000,0.00000,0.00000,0.00000,0,0,1,0,0,-0.111048,0.011704,0.121497,0.086203,0.059645,-0.215160,0.000000,0.000000,-0.198963,-0.824223,0.530160,0.187611,-0.937932,-0.291693,InvalidSurface,InvalidSurface,0.000000,0.000000,-1269438207,39.365410,0,0,0.000000,Walking,0.415574,Walking,0.584426,1
51,4.255269,0.017036,3.65337,1.12782,0.00000,0.00000,0.00000,0.00000,0,0,1,0,0,-0.111352,0.012258,0.117883,0.088638,0.062983,-0.212030,0.000000,0.000000,-0.202312,-0.827952,0.523035,0.171523,-0.917829,-0.358009,InvalidSurface,InvalidSurface,0.000000,0.000000,-1269438207,39.383380,0,0,0.000000,Walking,0.482068,Walking,0.517932,0
52,4.270117,0.014848,3.25148,1.10024,0.00000,0.00000,0.00000,0.00000,0,0,1,0,0,-0.112593,0.012099,0.115998,0.090162,0.063317,-0.212137,0.000000,0.000000,-0.207083,-0.828852,0.519732,0.159445,-0.904519,-0.395503,InvalidSurface,InvalidSurface,0.000000,0.000000,-1269438207,39.401980,0,0,0.000000,Walking,0.586658,Walking,0.413342,0
53,4.287441,0.017324,2.79570,1.06164,0.00000,0.00000,0.00000,0.00000,0,0,1,0,0,-0.113082,0.012105,0.115555,0.091090,0.063301,-0.211705,0.000000,0.000000,-0.209312,-0.828807,0.518911,0.144679,-0.886852,-0.438818,InvalidSurface,InvalidSurface,0.000000,0.000000,-1269438207,39.417790,0,0,0.000000,Walking,0.687130,Walking,0.312870,0
54,4.302580,0.015139,2.41963,1.02564,0.00000,0.00000,0.00000,0.00000,0,0,1,0,0,-0.113992,0.012097,0.114642,0.092758,0.063317,-0.211012,0.000000,0.000000,-0.213392,-0.828822,0.517221,0.129819,-0.860671,-0.492334,InvalidSurface,InvalidSurface,0.000000,0.000000,-1269438207,39.435590,0,0,0.000000,Walking,0.801076,Walking,0.198924,0
55,4.319033,0.016453,2.04544,0.98722,0.00000,0.00000,0.00000,0.00000,0,0,1,0,0,-0.103549,0.008808,0.035996,0.110967,0.060094,-0.134074,0.000000,0.000000,-0.193584,-0.930738,0.310244,0.235416,-0.971895,-0.000100,InvalidSurface,InvalidSurface,0.000000,0.000000,-1269438207,39.450610,0,0,0.000000,Walking,0.895094,Walking,0.104906,1
56,4.337259,0.018226,1.67729,0.94771,0.00000,0.00000,0.00000,0.00000,0,0,1,0,0,-0.103134,0.008706,0.031501,0.112383,0.059983,-0.129729,0.000000,0.000000,-0.193556,-0.934638,0.298307,0.246099,-0.968801,0.029326,InvalidSurface,InvalidSurface,0.000000,0.000000,-1269438207,39.466330,0,0,0.000000,Walking,0.988640,Walking,0.011360,0
57,4.353828,0.016569,1.38140,0.91563,0.00000,0.00000,0.00000,0.00000,0,0,1,0,0,-0.103316,0.008704,0.030857,0.113083,0.059999,-0.129165,0.000000,0.000000,-0.195225,-0.934681,0.297085,0.261348,-0.964536,0.036970,InvalidSurface,InvalidSurface,0.000000,0.000000,-1269438207,39.486140,0,0,0.000000,XBot Walk Neutral,0.161356,Walking,0.838644,0
58,4.367367,0.013539,1.16387,0.89237,0.00000,0.00000,0.00000,0.00000,0,0,1,0,0,-0.103647,0.008702,0.029683,0.114412,0.060019,-0.128060,0.000000,0.000000,-0.198343,-0.934731,0.294851,0.284399,-0.957692,0.044075,InvalidSurface,InvalidSurface,0.000000,0.000000,-1269438207,39.507090,0,0,0.000000,XBot Walk Neutral,0.309301,Walking,0.690699,0
59,4.382933,0.015566,0.93819,0.86889,0.00000,0.00000,0.00000,0.00000,0,0,1,0,0,-0.103854,0.008697,0.028930,0.115341,0.060024,-0.127246,0.000000,0.000000,-0.200447,-0.934735,0.293413,0.314294,-0.948119,0.047843,InvalidSurface,InvalidSurface,0.000000,0.000000,-1269438207,39.526730,0,0,0.000000,XBot Walk Neutral,0.418065,Walking,0.581935,0
60,4.400946,0.018013,0.71649,0.84581,0.00000,0.00000,0.00000,0.00000,0,0,1,0,0,-0.103936,0.008696,0.028632,0.115767,0.060020,-0.126844,0.000000,0.000000,-0.201367,-0.934717,0.292842,0.349573,-0.935762,0.046352,InvalidSurface,InvalidSurface,0.000000,0.000000,-1269438207,39.553650,0,0,0.000000,XBot Walk Neutral,0.530905,Walking,0.469095,0
61,4.420393,0.019447,0.53165,0.83590,0.00000,0.00000,0.00000,0.00000,0,0,1,0,0,-0.103950,0.008698,0.028587,0.115894,0.060012,-0.126698,0.000000,0.000000,-0.201606,-0.934692,0.292754,0.386273,-0.921530,0.039697,InvalidSurface,InvalidSurface,0.000000,0.000000,-1269438207,39.592560,0,0,0.000000,XBot Walk Neutral,0.641754,Walking,0.358247,0
62,4.438495,0.018102,0.40380,0.84242,0.00000,0.00000,0.00000,0.00000,0,0,1,0,0,-0.098593,0.040041,-0.071780,0.107369,0.005185,0.041686,0.000000,0.000000,-0.246885,-0.946775,0.206556,0.195586,-0.960377,0.198551,InvalidSurface,InvalidSurface,0.000000,0.000000,-1269438207,39.646900,0,0,0.000000,XBot Walk Neutral,0.734177,Walking,0.265823,1
63,4.453385,0.014890,0.32281,0.85378,0.00000,0.00000,0.00000,0.00000,0,0,1,0,0,-0.097081,0.043898,-0.080266,0.104967,0.005334,0.057839,0.000000,0.000000,-0.252542,-0.947388,0.196670,0.181689,-0.961010,0.208443,InvalidSurface,InvalidSurface,0.000000,0.000000,-1269438207,39.711720,0,0,0.000000,XBot Walk Neutral,0.798099,Walking,0.201901,0
64,4.468846,0.015461,0.25668,0.86831,0.00000,0.00000,0.00000,0.00000,0,0,1,0,0,-0.096488,0.043899,-0.080989,0.104538,0.005330,0.058594,0.000000,0.000000,-0.253977,-0.947393,0.194786,0.184033,-0.959550,0.213064,InvalidSurface,InvalidSurface,0.000000,0.000000,-1269438207,39.777000,0,0,0.000000,XBot Walk Neutral,0.838594,Walking,0.161406,0
65,4.484437,0.015591,0.20413,0.88391,0.00000,0.00000,0.00000,0.00000,0,0,1,0,0,-0.095913,0.043900,-0.081675,0.104120,0.005330,0.059339,0.000000,0.000000,-0.255368,-0.947391,0.192972,0.191212,-0.957280,0.216919,InvalidSurface,InvalidSurface,0.000000,0.000000,-1269438207,39.860040,0,0,0.000000,XBot Walk Neutral,0.871658,Walking,0.128342,0
66,4.500116,0.015680,0.16187,0.89934,0.00000,0.00000,0.00000,0.00000,0,0,1,0,0,-0.095351,0.043899,-0.082338,0.103711,0.005330,0.060073,0.000000,0.000000,-0.256733,-0.947380,0.191206,0.201445,-0.954860,0.218315,InvalidSurface,InvalidSurface,0.000000,0.000000,-1269438207,39.961820,0,0,0.000000,XBot Walk Neutral,0.897936,Walking,0.102064,0
67,4.514635,0.014518,0.13035,0.91278,0.00000,0.00000,0.00000,0.00000,0,0,1,0,0,-0.105574,0.056513,-0.058626,0.101432,0.005390,0.021370,0.000000,0.000000,-0.266279,-0.912838,0.309552,0.180882,-0.973923,0.136951,InvalidSurface,InvalidSurface,0.000000,0.000000,-1269438207,40.085220,0,0,0.000000,XBot Walk Neutral,0.919063,Walking,0.080937,0
68,4.529524,0.014890,0.10420,0.92539,0.00000,0.00000,0.00000,0.00000,0,0,1,0,0,-0.108490,0.061253,-0.051669,0.100191,0.005841,0.008942,0.000000,0.000000,-0.274634,-0.896724,0.347076,0.168713,-0.979757,0.107757,InvalidSurface,InvalidSurface,0.000000,0.000000,-1269438207,40.219750,0,0,0.000000,XBot Walk Neutral,0.934827,Walking,0.065173,0
69,4.546073,0.016549,0.08116,0.93784,0.00000,0.00000,0.00000,0.00000,0,0,1,0,0,-0.108202,0.061252,-0.052273,0.100141,0.005842,0.009501,0.000000,0.000000,-0.276570,-0.896722,0.345541,0.165870,-0.979961,0.110288,InvalidSurface,InvalidSurface,0.000000,0.000000,-1269438207,40.381020,0,0,0.000000,XBot Walk Neutral,0.947898,Walking,0.052102,0
70,4.562757,0.016684,0.06310,0.94870,0.00000,0.00000,0.00000,0.00000,0,0,1,0,0,-0.107926,0.061253,-0.052847,0.100094,0.005841,0.010041,0.000000,0.000000,-0.278429,-0.896712,0.344071,0.163410,-0.980085,0.112828,InvalidSurface,InvalidSurface,0.000000,0.000000,-1269438207,40.591000,0,0,0.000000,XBot Walk Neutral,0.959421,Walking,0.040579,0
71,4.579304,0.016547,0.04923,0.95788,0.00000,0.00000,0.00000,0.00000,0,0,1,0,0,-0.107830,0.064773,-0.063688,0.101738,0.005228,0.016937,0.000000,0.000000,-0.271707,-0.905296,0.326517,0.174112,-0.975775,0.132467,InvalidSurface,InvalidSurface,0.000000,0.000000,-1269438207,40.834960,0,0,0.000000,XBot Walk Neutral,0.968451,Walking,0.031549,0
72,4.593875,0.014572,0.03964,0.96476,0.00000,0.00000,0.00000,0.00000,0,0,1,0,0,-0.107187,0.064906,-0.065130,0.101614,0.005206,0.018165,0.000000,0.000000,-0.274594,-0.905622,0.323183,0.174387,-0.975618,0.133259,InvalidSurface,InvalidSurface,0.000000,0.000000,-1269438207,41.108490,0,0,0.000000,XBot Walk Neutral,0.975387,Walking,0.024613,0
73,4.610259,0.016384,0.03117,0.97130,0.00000,0.00000,0.00000,0.00000,0,0,1,0,0,-0.106801,0.064906,-0.065758,0.101505,0.005206,0.018757,0.000000,0.000000,-0.276474,-0.905626,0.321564,0.174319,-0.975625,0.133303,InvalidSurface,InvalidSurface,0.000000,0.000000,-1269438207,41.372960,0,0,0.000000,XBot Walk Neutral,0.980179,Walking,0.019821,0
74,4.627684,0.017425,0.02426,0.97703,0.00000,0.00000,0.00000,0.00000,0,0,1,0,0,-0.106527,0.064911,-0.066201,0.101426,0.005206,0.019180,0.000000,0.000000,-0.277814,-0.905623,0.320416,0.174193,-0.975698,0.132932,InvalidSurface,InvalidSurface,0.000000,0.000000,-1269438207,41.698260,0,0,0.000000,XBot Walk Neutral,0.984413,Walking,0.015587,0
75,4.644193,0.016508,0.01922,0.98148,0.00000,0.00000,0.00000,0.00000,0,0,1,0,0,-0.106156,0.064906,-0.066799,0.101320,0.005205,0.019755,0.000000,0.000000,-0.279624,-0.905619,0.318848,0.174662,-0.975649,0.132674,InvalidSurface,InvalidSurface,0.000000,0.000000,-1269438207,42.072750,0,0,0.000000,XBot Walk Neutral,0.987872,Walking,0.012128,0
76,4.658279,0.014086,0.01583,0.98463,0.00000,0.00000,0.00000,0.00000,0,0,1,0,0,-0.108354,0.064923,-0.058395,0.100849,0.005596,0.012616,0.000000,0.000000,-0.272034,-0.899672,0.341451,0.172938,-0.977210,0.123102,InvalidSurface,InvalidSurface,0.000000,0.000000,-1269438207,42.450050,0,0,0.000000,XBot Walk Neutral,0.990391,Walking,0.009610,0
77,4.673445,0.015166,0.01290,0.98745,0.00000,0.00000,0.00000,0.00000,0,0,1,0,0,-0.107970,0.064925,-0.058685,0.100670,0.005635,0.012943,0.000000,0.000000,-0.274706,-0.899101,0.340815,0.171469,-0.977329,0.124200,InvalidSurface,InvalidSurface,0.000000,0.000000,-1269438207,42.786300,0,0,0.000000,XBot Walk Neutral,0.992086,Walking,0.007914,0
78,4.689707,0.016262,0.01040,0.98993,0.00000,0.00000,0.00000,0.00000,0,0,1,0,0,-0.107612,0.064924,-0.059337,0.100589,0.005634,0.013551,0.000000,0.000000,-0.276758,-0.899103,0.339144,0.170913,-0.977309,0.125124,InvalidSurface,InvalidSurface,0.000000,0.000000,-1269438207,43.162760,0,0,0.000000,XBot Walk Neutral,0.993552,Walking,0.006448,0
79,4.703883,0.014175,0.00866,0.99171,0.00000,0.00000,0.00000,0.00000,0,0,1,0,0,-0.107053,0.064926,-0.060345,0.100462,0.005633,0.014499,0.000000,0.000000,-0.279949,-0.899096,0.336534,0.169940,-0.977260,0.126818,InvalidSurface,InvalidSurface,0.000000,0.000000,-1269438207,43.580540,0,0,0.000000,XBot Walk Neutral,0.994800,Walking,0.005200,0
80,4.710625,0.006742,0.00796,0.99244,0.00000,0.00000,0.00000,0.00000,0,0,1,0,0,-0.107748,0.065232,-0.059782,0.100427,0.005526,0.014497,0.000000,0.000000,-0.276887,-0.899124,0.338984,0.170622,-0.977222,0.126194,InvalidSurface,InvalidSurface,0.000000,0.000000,-1269438207,43.953770,0,0,0.000000,XBot Walk Neutral,0.995668,Walking,0.004332,0
81,4.716400,0.005775,0.00741,0.99302,0.00000,0.00000,0.00000,0.00000,0,0,1,0,0,-0.108448,0.065024,-0.058360,0.100399,0.005468,0.013738,0.000000,0.000000,-0.273945,-0.898879,0.342011,0.171382,-0.977377,0.123947,InvalidSurface,InvalidSurface,0.000000,0.000000,-1269438207,44.133090,0,0,0.000000,XBot Walk Neutral,0.996020,Walking,0.003980,0
82,4.721574,0.005175,0.00696,0.99350,0.00000,0.00000,0.00000,0.00000,0,0,1,0,0,-0.107062,0.065046,-0.060987,0.099959,0.005430,0.016417,0.000000,0.000000,-0.282260,-0.898827,0.335319,0.168152,-0.977389,0.128202,InvalidSurface,InvalidSurface,0.000000,0.000000,-1269438207,44.287910,0,0,0.000000,XBot Walk Neutral,0.996294,Walking,0.003706,0
83,4.727177,0.005603,0.00650,0.99399,0.00000,0.00000,0.00000,0.00000,0,0,1,0,0,-0.107597,0.065179,-0.060025,0.100087,0.005449,0.015378,0.000000,0.000000,-0.279274,-0.898683,0.338193,0.169235,-0.977403,0.126660,InvalidSurface,InvalidSurface,0.000000,0.000000,-1269438207,44.427570,0,0,0.000000,XBot Walk Neutral,0.996521,Walking,0.003479,0
84,4.732331,0.005154,0.00612,0.99441,0.00000,0.00000,0.00000,0.00000,0,0,1,0,0,-0.108015,0.065310,-0.059326,0.100164,0.005465,0.014962,0.000000,0.000000,-0.276571,-0.898762,0.340199,0.170078,-0.977329,0.126102,InvalidSurface,InvalidSurface,0.000000,0.000000,-1269438207,44.579800,0,0,0.000000,XBot Walk Neutral,0.996748,Walking,0.003252,0
85,4.736987,0.004656,0.00580,0.99476,0.00000,0.00000,0.00000,0.00000,0,0,1,0,0,-0.108445,0.065421,-0.058813,0.100267,0.005342,0.014613,0.000000,0.000000,-0.274319,-0.898772,0.341991,0.170890,-0.977275,0.125423,InvalidSurface,InvalidSurface,0.000000,0.000000,-1269438207,44.720610,0,0,0.000000,XBot Walk Neutral,0.996940,Walking,0.003060,0
86,4.741998,0.005011,0.00547,0.99512,0.00000,0.00000,0.00000,0.00000,0,0,1,0,0,-0.106967,0.065489,-0.061514,0.099868,0.005326,0.017160,0.000000,0.000000,-0.282617,-0.898761,0.335196,0.167813,-0.977219,0.129927,InvalidSurface,InvalidSurface,0.000000,0.000000,-1269438207,44.848450,0,0,0.000000,XBot Walk Neutral,0.997102,Walking,0.002898,0
87,4.748142,0.006144,0.00511,0.99552,0.00000,0.00000,0.00000,0.00000,0,0,1,0,0,-0.107619,0.065458,-0.060462,0.100017,0.005358,0.016064,0.000000,0.000000,-0.279210,-0.898825,0.337869,0.169089,-0.977236,0.128134,InvalidSurface,InvalidSurface,0.000000,0.000000,-1269438207,44.986700,0,0,0.000000,XBot Walk Neutral,0.997263,Walking,0.002737,0
88,4.755133,0.006990,0.00474,0.99594,0.00000,0.00000,0.00000,0.00000,0,0,1,0,0,-0.108423,0.065253,-0.058827,0.100145,0.005378,0.014623,0.000000,0.000000,-0.275326,-0.898667,0.341457,0.170474,-0.977351,0.125391,InvalidSurface,InvalidSurface,0.000000,0.000000,-1269438207,45.157130,0,0,0.000000,XBot Walk Neutral,0.997445,Walking,0.002556,0
89,4.761137,0.006004,0.00445,0.99627,0.00000,0.00000,0.00000,0.00000,0,0,1,0,0,-0.107135,0.065178,-0.061134,0.099782,0.005398,0.016755,0.000000,0.000000,-0.282972,-0.898622,0.335270,0.167716,-0.977354,0.129037,InvalidSurface,InvalidSurface,0.000000,0.000000,-1269438207,45.352130,0,0,0.000000,XBot Walk Neutral,0.997630,Walking,0.002370,0
90,4.766811,0.005674,0.00421,0.99656,0.00000,0.00000,0.00000,0.00000,0,0,1,0,0,-0.107658,0.065318,-0.060180,0.099885,0.005421,0.015859,0.000000,0.000000,-0.279969,-0.898505,0.338092,0.168716,-0.977362,0.127666,InvalidSurface,InvalidSurface,0.000000,0.000000,-1269438207,45.520360,0,0,0.000000,XBot Walk Neutral,0.997774,Walking,0.002226,0
91,4.771988,0.005177,0.00401,0.99680,0.00000,0.00000,0.00000,0.00000,0,0,1,0,0,-0.108124,0.065437,-0.059398,0.099974,0.005367,0.015299,0.000000,0.000000,-0.277348,-0.898422,0.340466,0.169579,-0.977353,0.126587,InvalidSurface,InvalidSurface,0.000000,0.000000,-1269438207,45.679920,0,0,0.000000,XBot Walk Neutral,0.997896,Walking,0.002104,0
92,4.776530,0.004542,0.00384,0.99700,0.00000,0.00000,0.00000,0.00000,0,0,1,0,0,-0.108584,0.065563,-0.058829,0.100077,0.005357,0.014637,0.000000,0.000000,-0.275050,-0.898443,0.342269,0.170410,-0.977321,0.125717,InvalidSurface,InvalidSurface,0.000000,0.000000,-1269438207,45.825950,0,0,0.000000,XBot Walk Neutral,0.997997,Walking,0.002003,0
93,4.781211,0.004681,0.00369,0.99720,0.00000,0.00000,0.00000,0.00000,0,0,1,0,0,-0.107088,0.065642,-0.061578,0.099666,0.005347,0.017189,0.000000,0.000000,-0.283563,-0.898397,0.335372,0.167195,-0.977296,0.130145,InvalidSurface,InvalidSurface,0.000000,0.000000,-1269438207,45.954410,0,0,0.000000,XBot Walk Neutral,0.998079,Walking,0.001921,0
94,4.786689,0.005478,0.00352,0.99741,0.00000,0.00000,0.00000,0.00000,0,0,1,0,0,-0.107659,0.065538,-0.060550,0.099789,0.005361,0.016272,0.000000,0.000000,-0.280493,-0.898468,0.337757,0.168332,-0.977314,0.128540,InvalidSurface,InvalidSurface,0.000000,0.000000,-1269438207,46.087090,0,0,0.000000,XBot Walk Neutral,0.998157,Walking,0.001843,0
95,4.791193,0.004504,0.00339,0.99757,0.00000,0.00000,0.00000,0.00000,0,0,1,0,0,-0.108161,0.065468,-0.059558,0.099877,0.005344,0.015384,0.000000,0.000000,-0.278043,-0.898321,0.340165,0.169214,-0.977378,0.126880,InvalidSurface,InvalidSurface,0.000000,0.000000,-1269438207,46.242790,0,0,0.000000,XBot Walk Neutral,0.998241,Walking,0.001760,0
96,4.795760,0.004566,0.00327,0.99772,0.00000,0.00000,0.00000,0.00000,0,0,1,0,0,-0.108623,0.065574,-0.058617,0.099952,0.005375,0.014472,0.000000,0.000000,-0.275635,-0.898073,0.342769,0.170031,-0.977437,0.125323,InvalidSurface,InvalidSurface,0.000000,0.000000,-1269438207,46.371070,0,0,0.000000,XBot Walk Neutral,0.998304,Walking,0.001696,0
97,4.800859,0.005100,0.00315,0.99788,0.00000,0.00000,0.00000,0.00000,0,0,1,0,0,-0.107225,0.065556,-0.061098,0.099563,0.005384,0.016779,0.000000,0.000000,-0.283851,-0.897972,0.336267,0.167053,-0.977447,0.129192,InvalidSurface,InvalidSurface,0.000000,0.000000,-1269438207,46.501340,0,0,0.000000,XBot Walk Neutral,0.998363,Walking,0.001637,0
98,4.806281,0.005421,0.00304,0.99804,0.00000,0.00000,0.00000,0.00000,0,0,1,0,0,-0.107731,0.065595,-0.060211,0.099660,0.005374,0.016067,0.000000,0.000000,-0.280952,-0.897969,0.338700,0.168026,-0.977438,0.127996,InvalidSurface,InvalidSurface,0.000000,0.000000,-1269438207,46.647130,0,0,0.000000,XBot Walk Neutral,0.998424,Walking,0.001576,0
99,4.810861,0.004580,0.00295,0.99817,0.00000,0.00000,0.00000,0.00000,0,0,1,0,0,-0.108186,0.065625,-0.059548,0.099755,0.005346,0.015460,0.000000,0.000000,-0.278553,-0.898025,0.340528,0.168870,-0.977411,0.127086,InvalidSurface,InvalidSurface,0.000000,0.000000,-1269438207,46.802380,0,0,0.000000,XBot Walk Neutral,0.998482,Walking,0.001518,0
100,4.815396,0.004535,0.00287,0.99828,0.00000,0.00000,0.00000,0.00000,0,0,1,0,0,-0.108638,0.065575,-0.058873,0.099865,0.005341,0.014895,0.000000,0.000000,-0.276063,-0.898178,0.342148,0.169776,-0.977357,0.126292,InvalidSurface,InvalidSurface,0.000000,0.000000,-1269438207,46.933710,0,0,0.000000,XBot Walk Neutral,0.998526,Walking,0.001474,0
101,4.820349,0.004953,0.00279,0.99840,0.00000,0.00000,0.00000,0.00000,0,0,1,0,0,-0.107183,0.065580,-0.061586,0.099457,0.005327,0.017462,0.000000,0.000000,-0.284375,-0.898225,0.335147,0.166645,-0.977305,0.130785,InvalidSurface,InvalidSurface,0.000000,0.000000,-1269438207,47.063930,0,0,0.000000,XBot Walk Neutral,0.998566,Walking,0.001434,0
102,4.825503,0.005154,0.00271,0.99852,0.00000,0.00000,0.00000,0.00000,0,0,1,0,0,-0.107723,0.065530,-0.060598,0.099566,0.005329,0.016575,0.000000,0.000000,-0.281550,-0.898207,0.337572,0.167672,-0.977342,0.129186,InvalidSurface,InvalidSurface,0.000000,0.000000,-1269438207,47.206330,0,0,0.000000,XBot Walk Neutral,0.998606,Walking,0.001394,0
103,4.830144,0.004641,0.00265,0.99861,0.00000,0.00000,0.00000,0.00000,0,0,1,0,0,-0.108198,0.065586,-0.059664,0.099648,0.005339,0.015693,0.000000,0.000000,-0.279093,-0.898020,0.340098,0.168525,-0.977404,0.127598,InvalidSurface,InvalidSurface,0.000000,0.000000,-1269438207,47.354680,0,0,0.000000,XBot Walk Neutral,0.998643,Walking,0.001357,0
104,4.835069,0.004925,0.00260,0.99871,0.00000,0.00000,0.00000,0.00000,0,0,1,0,0,-0.108675,0.065666,-0.058684,0.099708,0.005359,0.014922,0.000000,0.000000,-0.276504,-0.897813,0.342749,0.169329,-0.977424,0.126375,InvalidSurface,InvalidSurface,0.000000,0.000000,-1269438207,47.488400,0,0,0.000000,XBot Walk Neutral,0.998673,Walking,0.001327,0
105,4.839798,0.004730,0.00254,0.99880,0.00000,0.00000,0.00000,0.00000,0,0,1,0,0,-0.109128,0.065726,-0.057785,0.099753,0.005319,0.014365,0.000000,0.000000,-0.274116,-0.897627,0.345148,0.170051,-0.977451,0.125190,InvalidSurface,InvalidSurface,0.000000,0.000000,-1269438207,47.630420,0,0,0.000000,XBot Walk Neutral,0.998702,Walking,0.001298,0
106,4.844476,0.004678,0.00250,0.99888,0.00000,0.00000,0.00000,0.00000,0,0,1,0,0,-0.107653,0.065726,-0.060473,0.099357,0.005320,0.016829,0.000000,0.000000,-0.282565,-0.897638,0.338237,0.166868,-0.977449,0.129417,InvalidSurface,InvalidSurface,0.000000,0.000000,-1269438207,47.766930,0,0,0.000000,XBot Walk Neutral,0.998728,Walking,0.001272,0
107,4.850335,0.005859,0.00245,0.99897,0.00000,0.00000,0.00000,0.00000,0,0,1,0,0,-0.108266,0.065691,-0.059593,0.099505,0.005304,0.015924,0.000000,0.000000,-0.279377,-0.897775,0.340512,0.168119,-0.977416,0.128042,InvalidSurface,InvalidSurface,0.000000,0.000000,-1269438207,47.902040,0,0,0.000000,XBot Walk Neutral,0.998750,Walking,0.001250,0
108,4.855287,0.004952,0.00242,0.99904,0.00000,0.00000,0.00000,0.00000,0,0,1,0,0,-0.108801,0.065497,-0.058718,0.099635,0.005310,0.015184,0.000000,0.000000,-0.276561,-0.898026,0.342145,0.169204,-0.977392,0.126785,InvalidSurface,InvalidSurface,0.000000,0.000000,-1269438207,48.071390,0,0,0.000000,XBot Walk Neutral,0.998775,Walking,0.001226,0
109,4.859824,0.004537,0.00239,0.99910,0.00000,0.00000,0.00000,0.00000,0,0,1,0,0,-0.109329,0.065440,-0.057716,0.099710,0.005287,0.014335,0.000000,0.000000,-0.274151,-0.897847,0.344545,0.170058,-0.977450,0.125184,InvalidSurface,InvalidSurface,0.000000,0.000000,-1269438207,48.214610,0,0,0.000000,XBot Walk Neutral,0.998793,Walking,0.001208,0
110,4.864313,0.004489,0.00236,0.99916,0.00000,0.00000,0.00000,0.00000,0,0,1,0,0,-0.107838,0.065439,-0.060445,0.099312,0.005287,0.016828,0.000000,0.000000,-0.282687,-0.897863,0.337535,0.166930,-0.977433,0.129459,InvalidSurface,InvalidSurface,0.000000,0.000000,-1269438207,48.345910,0,0,0.000000,XBot Walk Neutral,0.998807,Walking,0.001193,0
111,4.869707,0.005393,0.00233,0.99922,0.00000,0.00000,0.00000,0.00000,0,0,1,0,0,-0.108356,0.065580,-0.059465,0.099389,0.005307,0.015917,0.000000,0.000000,-0.279853,-0.897655,0.340437,0.167853,-0.977466,0.128008,InvalidSurface,InvalidSurface,0.000000,0.000000,-1269438207,48.475870,0,0,0.000000,XBot Walk Neutral,0.998820,Walking,0.001180,0
112,4.874266,0.004559,0.00231,0.99927,0.00000,0.00000,0.00000,0.00000,0,0,1,0,0,-0.108777,0.065675,-0.058669,0.099447,0.005282,0.015341,0.000000,0.000000,-0.277520,-0.897508,0.342729,0.168589,-0.977478,0.126943,InvalidSurface,InvalidSurface,0.000000,0.000000,-1269438207,48.632080,0,0,0.000000,XBot Walk Neutral,0.998834,Walking,0.001166,0
113,4.879303,0.005037,0.00229,0.99932,0.00000,0.00000,0.00000,0.00000,0,0,1,0,0,-0.109287,0.065732,-0.057875,0.099538,0.005234,0.014625,0.000000,0.000000,-0.274944,-0.897452,0.344942,0.169467,-0.977471,0.125827,InvalidSurface,InvalidSurface,0.000000,0.000000,-1269438207,48.764190,0,0,0.000000,XBot Walk Neutral,0.998844,Walking,0.001156,0
114,4.884282,0.004978,0.00227,0.99937,0.00000,0.00000,0.00000,0.00000,0,0,1,0,0,-0.107840,0.065745,-0.060519,0.099141,0.005232,0.017043,0.000000,0.000000,-0.283242,-0.897452,0.338163,0.166353,-0.977461,0.129988,InvalidSurface,InvalidSurface,0.000000,0.000000,-1269438207,48.910190,0,0,0.000000,XBot Walk Neutral,0.998855,Walking,0.001145,0
115,4.889901,0.005619,0.00226,0.99942,0.00000,0.00000,0.00000,0.00000,0,0,1,0,0,-0.108432,0.065603,-0.059595,0.099288,0.005243,0.016190,0.000000,0.000000,-0.280067,-0.897689,0.340172,0.167584,-0.977432,0.128615,InvalidSurface,InvalidSurface,0.000000,0.000000,-1269438207,49.054520,0,0,0.000000,XBot Walk Neutral,0.998863,Walking,0.001137,0
116,4.894478,0.004577,0.00226,0.99946,0.00000,0.00000,0.00000,0.00000,0,0,1,0,0,-0.108941,0.065557,-0.058621,0.099370,0.005243,0.015366,0.000000,0.000000,-0.277596,-0.897568,0.342509,0.168463,-0.977482,0.127079,InvalidSurface,InvalidSurface,0.000000,0.000000,-1269438207,49.217480,0,0,0.000000,XBot Walk Neutral,0.998870,Walking,0.001131,0
117,4.899029,0.004551,0.00225,0.99950,0.00000,0.00000,0.00000,0.00000,0,0,1,0,0,-0.109410,0.065663,-0.057691,0.099440,0.005258,0.014488,0.000000,0.000000,-0.275232,-0.897310,0.345083,0.169266,-0.977543,0.125531,InvalidSurface,InvalidSurface,0.000000,0.000000,-1269438207,49.350230,0,0,0.000000,XBot Walk Neutral,0.998873,Walking,0.001128,0
118,4.903986,0.004957,0.00225,0.99953,0.00000,0.00000,0.00000,0.00000,0,0,1,0,0,-0.107975,0.065657,-0.060328,0.099050,0.005260,0.016891,0.000000,0.000000,-0.283536,-0.897314,0.338283,0.166228,-0.977534,0.129600,InvalidSurface,InvalidSurface,0.000000,0.000000,-1269438207,49.482220,0,0,0.000000,XBot Walk Neutral,0.998874,Walking,0.001126,0
119,4.909594,0.005609,0.00225,0.99957,0.00000,0.00000,0.00000,0.00000,0,0,1,0,0,-0.108508,0.065729,-0.059361,0.099129,0.005249,0.016124,0.000000,0.000000,-0.280570,-0.897218,0.340999,0.167187,-0.977536,0.128342,InvalidSurface,InvalidSurface,0.000000,0.000000,-1269438207,49.626000,0,0,0.000000,XBot Walk Neutral,0.998875,Walking,0.001125,0
